Workbook

Sheet ראשי
A1: מחשבון תמחור מוצרים ומארזים
A3: חומרי גלם | B3: בגיליון זה איספו את כל חומרי הגלם שאתם משתמשים בהם ואת המחיר בו אתם קונים אותם
A4: אריזות | B4: בגיליון זה הזינו את האריזות ואביזרי האריזה בהם אתם משתמשים
A5: עלות ליחידה | B5: עלות ליחידה תחושב על בסיס החומרים הנדרשים לייצור יחידה אחת וכן עלות העבודה הנדרשת
A6: מוצרים | B6: גיליון מוצרים מוגמרים - מחיר יחידה מוגמרת של מוצר אותו אתם עתידים למכור
A7: מארזים | B7: חישוב עלות למארז על בסיס עלות המוצרים המרכיבים אותו ומחיר האריזה

Sheet חומרי גלם
A1: חומר גלם | B1: עלות רכישה | C1: כמות באריזה | D1: יחידת מידה | G1: חזרה לתפריט
A2: פצפוצי אורז | B2: 18.9 | C2: 500 | D2: גרם
A3: שמנת מתוקה 38% | B3: 7.07 | C3: 250 | D3: גרם
A4: שוקולד מריר מהדרין | B4: 325 | C4: 10000 | D4: גרם
A5: שוקולד חלב מהדרין | B5: 375 | C5: 10000 | D5: גרם
A6: שוקולד לבן מהדרין | B6: 375 | C6: 10000 | D6: גרם
A7: מחית קינדר בואנו | B7: 45 | C7: 1000 | D7: גרם
A8: נוטלה | B8: 40 | C8: 1000 | D8: גרם
A9: פררו רושה | B9: 24.9 | C9: 16 | D9: יחידות
A10: אוריאו רגיל | B10: 9.9 | C10: 176 | D10: גרם
A11: אוריאו דאבל | B11: 9.9 | C11: 170 | D11: גרם
A12: לוטוס ביסקוויט | B12: 11.9 | C12: 250 | D12: גרם
A13: קינדר בואנו לבן וחום(שלישייה)39*3 | B13: 12.9 | C13: 6 | D13: יחידות
... A103: דפי טרנספר | B103: 25 | C103: 1 | D103: יחידות

Sheet אריזות
A1: מוצר | B1: עלות | C1: כמות באריזה | D1: מאיפה נקנה | F1: חזרה לתפריט
A2: קופסאות 40/30/8 | B2: 80 | C2: 10 | D2: חתום בנשיקה
A3: קופסא לאינגליש מכסה גבוה | B3: 45 | C3: 10 | D3: חתום בנשיקה
A4: קופסא מלבנית מחולקת 20/11/5 | B4: 45 | C4: 10 | D4: חתום בנשיקה
A5: חלוקה פנימית לקופסא 20/20/5 | B5: 20 | C5: 10 | D5: חתום בנשיקה
A6: קופסא ל6 קאפקייקס כולל במה | B6: 65 | C6: 10 | D6: חתום בנשיקה
A7: קופסא 30/30/11 כולל תחתית פנימית | B7: 80 | C7: 10 | D7: חתום בנשיקה
A8: מנג'טים לקאפקייקס צבעים -קוטר 7 | B8: 10 | C8: 40 | D8: חתום בנשיקה
A9: קריסטליות עיגול - 10 ס"מ | B9: 25 | C9: 10 | D9: הכי מתוק שיש
A10: קריסטליות עיגול - 16 ס"מ | B10: 115 | C10: 50 | D10: הכי מתוק שיש
A11: קופסא 24/24/13 | B11: 45 | C11: 5 | D11: הכי מתוק שיש
A12: קופסא 25/35/7 עם מכסה גבוה 8.5 ס"מ | B12: 45 | C12: 10 | D12: הכי מתוק שיש
A13: קופסא 25/35/7 עם מכסה גבוה + 5 במות 20 קינוחים | B13: 40 | C13: 5 | D13: הכי מתוק שיש
... A36: מסכות | B36: 15 | C36: 10 | D36: סטוקי

Sheet עלות ליחידה
A1: מרכיבים | D1: =ROUNDUP(SUM(Recipe[עלות למתכון]),2) -> #N/A | F1: עבודה | J1: כמות | O1: אריזה | Q1: =SUM(SinglePack[עלות]) -> #N/A | T1: חזרה לתפריט
A2: חומר גלם | B2: כמות במתכון | C2: יחידת מידה | D2: עלות למתכון | F2: שעות עבודה | G2: עלות לשעת עבודה | H2: עלות עבודה | J2: כמות יחידות | K2: עלות ליחידה | O2: מוצר | P2: כמות | Q2: עלות | S2: מחיר כולל ליחדה
C3: =VLOOKUP(Recipe[[#This Row],[חומר גלם]],'חומרי גלם'!A:D,4,0) -> #N/A | D3: =ROUNDUP(Recipe[[#This Row],[כמות במתכון]]*VLOOKUP(Recipe[[#This Row],[חומר גלם]],'חומרי גלם'!A:D,2,0)/VLOOKUP(Recipe[[#This Row],[חומר גלם]],'חומרי גלם'!A:D,3,0),2) -> #N/A | H3: =Work[[#This Row],[עלות לשעת עבודה]]*Work[[#This Row],[שעות עבודה]] -> 0 | K3: חומרים | L3: עבודה | M3: סה"כ | O3: קופסת קאפקייקס 6 תאים | P3: 1 | Q3: =ROUNDUP(VLOOKUP(SinglePack[[#This Row],[מוצר]],אריזות!A:C,2,0)/VLOOKUP(SinglePack[[#This Row],[מוצר]],אריזות!A:C,3,0)*SinglePack[[#This Row],[כמות]],2) -> 5 | S3: =Q1+M4 -> #N/A
C4: =VLOOKUP(Recipe[[#This Row],[חומר גלם]],'חומרי גלם'!A:D,4,0) -> #N/A | D4: =ROUNDUP(Recipe[[#This Row],[כמות במתכון]]*VLOOKUP(Recipe[[#This Row],[חומר גלם]],'חומרי גלם'!A:D,2,0)/VLOOKUP(Recipe[[#This Row],[חומר גלם]],'חומרי גלם'!A:D,3,0),2) -> #N/A | K4: =ROUNDUP(D1/J4,2) -> #N/A | L4: {=ROUNDUP(Work[עלות עבודה]/J4,2)} -> #DIV/0! | M4: =L4+K4 -> #DIV/0! | Q4: =ROUNDUP(VLOOKUP(SinglePack[[#This Row],[מוצר]],אריזות!A:C,2,0)/VLOOKUP(SinglePack[[#This Row],[מוצר]],אריזות!A:C,3,0)*SinglePack[[#This Row],[כמות]],2) -> #N/A
C5: =VLOOKUP(Recipe[[#This Row],[חומר גלם]],'חומרי גלם'!A:D,4,0) -> #N/A | D5: =ROUNDUP(Recipe[[#This Row],[כמות במתכון]]*VLOOKUP(Recipe[[#This Row],[חומר גלם]],'חומרי גלם'!A:D,2,0)/VLOOKUP(Recipe[[#This Row],[חומר גלם]],'חומרי גלם'!A:D,3,0),2) -> #N/A | Q5: =ROUNDUP(VLOOKUP(SinglePack[[#This Row],[מוצר]],אריזות!A:C,2,0)/VLOOKUP(SinglePack[[#This Row],[מוצר]],אריזות!A:C,3,0)*SinglePack[[#This Row],[כמות]],2) -> #N/A

Sheet מוצרים
A1: מוצר | B1: עלות ליחידה | C1: Column1 | D1: Column2 | E1: חזרה לתפריט
A2: עוגיות אמסטרדם | B2: 4.01
A3: עוגיות שוקולד צ'יפס מושחתות | B3: 5.73
A4: חיתוכיות פררו רושה | B4: 120.19
A5: מגולגלות במבה נוגט | B5: 66.74
A6: פרליני שוקולד חמאת בוטנים | B6: 2.16
A7: טריקולד | B7: 191.87
A8: כדורי לואקר | B8: 4.87
A9: כדורי אוריאו | B9: 7.32
A10: עוגיות חמאה פיסטוק | B10: 5.17
A11: כדורי קינדר בואנו | B11: 8.59
A12: עוגיות שלג | B12: 4.1
A13: עוגת ביסקוויטים פיסטוק | B13: 142
... A20: מגולגלות פיסטוק | B20: 40.46
A21: בקלאווה אגוזים | B21: 157.04 | C21: 250
A22: בקלאווה טחינה | B22: 152.81 | C22: 200
A23: קרם ברולה אישי בקופסא | B23: 12.45 | C23: 25 ליח | D23: גדול ב45
A24: עוגת מוס קינדר 16 | B24: 262.58 | C24: 200 נקי | F24: מארז 400
A25: צנצנות מוס אישי | B25: 24.88 | C25: 55 ליח'
A26: מיני מגנום בסיסי | B26: 8.26 | C26: מינ 15 | D26: גדול 20
A27: מיני דונאטס(עדי כהן) | B27: 4.25 | C27: 6 | D27: 20 מינימום | E27: בייגלה אישי 10
A28: מגולגלות קינדר | B28: 35.96
A29: מוס 16 | B29: 274.54
A30: מוס 20 | B30: 276.16
A31: מוס 24 | B31: 278.01
A32: בראוניז MIRMIS | B32: 71.37
A33: עוגת שוקולד שלי | B33: 61.51
A34: עוגת שוקולד בלי ביצים | B34: 58.69
A35: אוזן המן מירי כץ וניל | B35: 1.82
A36: אוזן המן מירי כץ קקאו | B36: 1.86
A37: אוזן המן מירי כץ פיסטוק | B37: 2.08
A38: עוגת שוקולד אישית(גדול) | B38: 7.1
A39: עוגת שוקולד אישית(קטן) | B39: 5.6
... A48: כללי גדול | B48: 30

Sheet מארזים
A1: מוצרים | C1: =SUM(Table6[עלות]) -> 0 | F1: אריזה | H1: =SUM(Table7[עלות]) -> 0 | P1: חזרה לתפריט
A2: מוצר | B2: כמות במארז | C2: עלות | F2: מוצר | G2: כמות | H2: עלות | K2: עלות מארז | L2: =ROUNDUP(H1+C1,2) -> 0

Sheet מארז פורים ענק
A1: מוצרים | C1: =SUM(Table6139149151[עלות]) -> 171.86 | F1: אריזה | H1: =SUM(Table7140150152[עלות]) -> 13.5 | P1: חזרה לתפריט
A2: מוצר | B2: כמות במארז | C2: עלות | F2: מוצר | G2: כמות | H2: עלות | J2: עלות מארז | K2: =ROUNDUP(H1+C1,2) -> 185.36
A3: עוגיות בראוניז פורים | B3: 10 | C3: =VLOOKUP(Table6139149151[[#This Row],[מוצר]],מוצרים!A:B,2,0)*Table6139149151[[#This Row],[כמות במארז]] -> 21.2 | F3: קופסא 24/24/13 | G3: 1 | H3: =ROUNDUP(VLOOKUP(Table7140150152[[#This Row],[מוצר]],אריזות!A:C,2,0)/VLOOKUP(Table7140150152[[#This Row],[מוצר]],אריזות!A:C,3,0)*Table7140150152[[#This Row],[כמות]],2) -> 9
A4: עוגת שוקולד אישית(קטן) | B4: 1 | C4: =VLOOKUP(Table6139149151[[#This Row],[מוצר]],מוצרים!A:B,2,0)*Table6139149151[[#This Row],[כמות במארז]] -> 5.6 | F4: מסכות | G4: 3 | H4: =ROUNDUP(VLOOKUP(Table7140150152[[#This Row],[מוצר]],אריזות!A:C,2,0)/VLOOKUP(Table7140150152[[#This Row],[מוצר]],אריזות!A:C,3,0)*Table7140150152[[#This Row],[כמות]],2) -> 4.5
A5: אלפחורס | B5: 5 | C5: =VLOOKUP(Table6139149151[[#This Row],[מוצר]],מוצרים!A:B,2,0)*Table6139149151[[#This Row],[כמות במארז]] -> 16.15
A6: אוזן המן מירי כץ וניל | B6: 8 | C6: =VLOOKUP(Table6139149151[[#This Row],[מוצר]],מוצרים!A:B,2,0)*Table6139149151[[#This Row],[כמות במארז]] -> 14.56
A7: אוזן המן מירי כץ קקאו | B7: 12 | C7: =VLOOKUP(Table6139149151[[#This Row],[מוצר]],מוצרים!A:B,2,0)*Table6139149151[[#This Row],[כמות במארז]] -> 22.32
A8: נשיקות מרנג | B8: 12 | C8: =VLOOKUP(Table6139149151[[#This Row],[מוצר]],מוצרים!A:B,2,0)*Table6139149151[[#This Row],[כמות במארז]] -> 35.88
A9: אלפחורס קקאו | B9: 6 | C9: =VLOOKUP(Table6139149151[[#This Row],[מוצר]],מוצרים!A:B,2,0)*Table6139149151[[#This Row],[כמות במארז]] -> 21.24
A10: חטיף שוגי | B10: 7 | C10: =VLOOKUP(Table6139149151[[#This Row],[מוצר]],מוצרים!A:B,2,0)*Table6139149151[[#This Row],[כמות במארז]] -> 14.91
A11: כללי בינוני | B11: 1 | C11: =VLOOKUP(Table6139149151[[#This Row],[מוצר]],מוצרים!A:B,2,0)*Table6139149151[[#This Row],[כמות במארז]] -> 20

Sheet מארז פורים לגנים
A1: מוצרים | C1: =SUM(Table6139149[עלות]) -> 32.39 | F1: אריזה | H1: =SUM(Table7140150[עלות]) -> 7 | P1: חזרה לתפריט
A2: מוצר | B2: כמות במארז | C2: עלות | D2: Column1 | F2: מוצר | G2: כמות | H2: עלות | K2: עלות מארז | L2: =ROUNDUP(H1+C1,2) -> 39.39
A3: עוגיות בראוניז פורים | B3: 2 | C3: =VLOOKUP(Table6139149[[#This Row],[מוצר]],מוצרים!A:B,2,0)*Table6139149[[#This Row],[כמות במארז]] -> 4.24 | F3: קופסת עוגה 25/20/25 או 20/20/6 | G3: 1 | H3: =ROUNDUP(VLOOKUP(Table7140150[[#This Row],[מוצר]],אריזות!A:C,2,0)/VLOOKUP(Table7140150[[#This Row],[מוצר]],אריזות!A:C,3,0)*Table7140150[[#This Row],[כמות]],2) -> 5.5 | L3: תשלום-25
A4: עוגת שוקולד אישית(קטן) | B4: 1 | C4: =VLOOKUP(Table6139149[[#This Row],[מוצר]],מוצרים!A:B,2,0)*Table6139149[[#This Row],[כמות במארז]] -> 5.6 | F4: מסכות | G4: 1 | H4: =ROUNDUP(VLOOKUP(Table7140150[[#This Row],[מוצר]],אריזות!A:C,2,0)/VLOOKUP(Table7140150[[#This Row],[מוצר]],אריזות!A:C,3,0)*Table7140150[[#This Row],[כמות]],2) -> 1.5
A5: אלפחורס | B5: 1 | C5: =VLOOKUP(Table6139149[[#This Row],[מוצר]],מוצרים!A:B,2,0)*Table6139149[[#This Row],[כמות במארז]] -> 3.23
A6: אוזן המן מירי כץ וניל | B6: 2 | C6: =VLOOKUP(Table6139149[[#This Row],[מוצר]],מוצרים!A:B,2,0)*Table6139149[[#This Row],[כמות במארז]] -> 3.64
A7: אוזן המן מירי כץ קקאו | B7: 2 | C7: =VLOOKUP(Table6139149[[#This Row],[מוצר]],מוצרים!A:B,2,0)*Table6139149[[#This Row],[כמות במארז]] -> 3.72
A8: נשיקות מרנג | B8: 4 | C8: =VLOOKUP(Table6139149[[#This Row],[מוצר]],מוצרים!A:B,2,0)*Table6139149[[#This Row],[כמות במארז]] -> 11.96 | D8: מתנה

Sheet מארז פורים גדול
A1: מוצרים | C1: =SUM(Table6139[עלות]) -> 143.1 | F1: אריזה | H1: =SUM(Table7140[עלות]) -> 10 | P1: חזרה לתפריט
A2: מוצר | B2: כמות במארז | C2: עלות | F2: מוצר | G2: כמות | H2: עלות | K2: עלות מארז | L2: =ROUNDUP(H1+C1,2) -> 153.1
A3: עוגיות בראוניז פורים | B3: 6 | C3: =VLOOKUP(Table6139[[#This Row],[מוצר]],מוצרים!A:B,2,0)*Table6139[[#This Row],[כמות במארז]] -> 12.72 | F3: קופסת עוגה 25/20/25 או 20/20/6 | G3: 1 | H3: =ROUNDUP(VLOOKUP(Table7140[[#This Row],[מוצר]],אריזות!A:C,2,0)/VLOOKUP(Table7140[[#This Row],[מוצר]],אריזות!A:C,3,0)*Table7140[[#This Row],[כמות]],2) -> 5.5
A4: עוגת שוקולד אישית(גדול) | B4: 1 | C4: =VLOOKUP(Table6139[[#This Row],[מוצר]],מוצרים!A:B,2,0)*Table6139[[#This Row],[כמות במארז]] -> 7.1 | F4: מסכות | G4: 3 | H4: =ROUNDUP(VLOOKUP(Table7140[[#This Row],[מוצר]],אריזות!A:C,2,0)/VLOOKUP(Table7140[[#This Row],[מוצר]],אריזות!A:C,3,0)*Table7140[[#This Row],[כמות]],2) -> 4.5
A5: עוגיות חמאה | B5: 6 | C5: =VLOOKUP(Table6139[[#This Row],[מוצר]],מוצרים!A:B,2,0)*Table6139[[#This Row],[כמות במארז]] -> 18.24
A6: אלפחורס קקאו | B6: 6 | C6: =VLOOKUP(Table6139[[#This Row],[מוצר]],מוצרים!A:B,2,0)*Table6139[[#This Row],[כמות במארז]] -> 21.24
A7: אלפחורס | B7: 8 | C7: =VLOOKUP(Table6139[[#This Row],[מוצר]],מוצרים!A:B,2,0)*Table6139[[#This Row],[כמות במארז]] -> 25.84
A8: אוזן המן מירי כץ וניל | B8: 6 | C8: =VLOOKUP(Table6139[[#This Row],[מוצר]],מוצרים!A:B,2,0)*Table6139[[#This Row],[כמות במארז]] -> 10.92
A9: אוזן המן מירי כץ קקאו | B9: 6 | C9: =VLOOKUP(Table6139[[#This Row],[מוצר]],מוצרים!A:B,2,0)*Table6139[[#This Row],[כמות במארז]] -> 11.16
A10: נשיקות מרנג | B10: 12 | C10: =VLOOKUP(Table6139[[#This Row],[מוצר]],מוצרים!A:B,2,0)*Table6139[[#This Row],[כמות במארז]] -> 35.88

Sheet מארז פורים בינוני עם כיבודיות
A1: מוצרים | C1: =SUM(Table6139141143145147[עלות]) -> 76.06 | F1: אריזה | H1: =SUM(Table7140142144146148[עלות]) -> 13.22 | P1: חזרה לתפריט
A2: מוצר | B2: כמות במארז | C2: עלות | F2: מוצר | G2: כמות | H2: עלות | K2: עלות מארז | L2: =ROUNDUP(H1+C1,2) -> 89.28
A3: עוגיות בראוניז פורים | B3: 8 | C3: =VLOOKUP(Table6139141143145147[[#This Row],[מוצר]],מוצרים!A:B,2,0)*Table6139141143145147[[#This Row],[כמות במארז]] -> 16.96 | F3: מארז קאפקייקס 6 תאים מכסה שקוף | G3: 1 | H3: =ROUNDUP(VLOOKUP(Table7140142144146148[[#This Row],[מוצר]],אריזות!A:C,2,0)/VLOOKUP(Table7140142144146148[[#This Row],[מוצר]],אריזות!A:C,3,0)*Table7140142144146148[[#This Row],[כמות]],2) -> 5.42
A4: אלפחורס | B4: 6 | C4: =VLOOKUP(Table6139141143145147[[#This Row],[מוצר]],מוצרים!A:B,2,0)*Table6139141143145147[[#This Row],[כמות במארז]] -> 19.38 | F4: כיבודיות | G4: 3 | H4: =ROUNDUP(VLOOKUP(Table7140142144146148[[#This Row],[מוצר]],אריזות!A:C,2,0)/VLOOKUP(Table7140142144146148[[#This Row],[מוצר]],אריזות!A:C,3,0)*Table7140142144146148[[#This Row],[כמות]],2) -> 3.3
A5: אוזן המן מירי כץ וניל | B5: 5 | C5: =VLOOKUP(Table6139141143145147[[#This Row],[מוצר]],מוצרים!A:B,2,0)*Table6139141143145147[[#This Row],[כמות במארז]] -> 9.1 | F5: מסכות | G5: 3 | H5: =ROUNDUP(VLOOKUP(Table7140142144146148[[#This Row],[מוצר]],אריזות!A:C,2,0)/VLOOKUP(Table7140142144146148[[#This Row],[מוצר]],אריזות!A:C,3,0)*Table7140142144146148[[#This Row],[כמות]],2) -> 4.5
A6: אוזן המן מירי כץ קקאו | B6: 3 | C6: =VLOOKUP(Table6139141143145147[[#This Row],[מוצר]],מוצרים!A:B,2,0)*Table6139141143145147[[#This Row],[כמות במארז]] -> 5.58
A7: נשיקות מרנג | B7: 6 | C7: =VLOOKUP(Table6139141143145147[[#This Row],[מוצר]],מוצרים!A:B,2,0)*Table6139141143145147[[#This Row],[כמות במארז]] -> 17.94
A8: עוגת שוקולד אישית(גדול) | B8: 1 | C8: =VLOOKUP(Table6139141143145147[[#This Row],[מוצר]],מוצרים!A:B,2,0)*Table6139141143145147[[#This Row],[כמות במארז]] -> 7.1

Sheet מארז פורים בינוני
A1: מוצרים | C1: =SUM(Table6139141143145[עלות]) -> 66.25 | F1: אריזה | H1: =SUM(Table7140142144146[עלות]) -> 11 | P1: חזרה לתפריט
A2: מוצר | B2: כמות במארז | C2: עלות | F2: מוצר | G2: כמות | H2: עלות | K2: עלות מארז | L2: =ROUNDUP(H1+C1,2) -> 77.25
A3: עוגיות בראוניז פורים | B3: 3 | C3: =VLOOKUP(Table6139141143145[[#This Row],[מוצר]],מוצרים!A:B,2,0)*Table6139141143145[[#This Row],[כמות במארז]] -> 6.36 | F3: קופסא ל6 קאפקייקס כולל במה | G3: 1 | H3: =ROUNDUP(VLOOKUP(Table7140142144146[[#This Row],[מוצר]],אריזות!A:C,2,0)/VLOOKUP(Table7140142144146[[#This Row],[מוצר]],אריזות!A:C,3,0)*Table7140142144146[[#This Row],[כמות]],2) -> 6.5
A4: אלפחורס | B4: 2 | C4: =VLOOKUP(Table6139141143145[[#This Row],[מוצר]],מוצרים!A:B,2,0)*Table6139141143145[[#This Row],[כמות במארז]] -> 6.46 | F4: מסכות | G4: 3 | H4: =ROUNDUP(VLOOKUP(Table7140142144146[[#This Row],[מוצר]],אריזות!A:C,2,0)/VLOOKUP(Table7140142144146[[#This Row],[מוצר]],אריזות!A:C,3,0)*Table7140142144146[[#This Row],[כמות]],2) -> 4.5
A5: אוזן המן מירי כץ וניל | B5: 2 | C5: =VLOOKUP(Table6139141143145[[#This Row],[מוצר]],מוצרים!A:B,2,0)*Table6139141143145[[#This Row],[כמות במארז]] -> 3.64
A6: אוזן המן מירי כץ קקאו | B6: 2 | C6: =VLOOKUP(Table6139141143145[[#This Row],[מוצר]],מוצרים!A:B,2,0)*Table6139141143145[[#This Row],[כמות במארז]] -> 3.72
A7: נשיקות מרנג | B7: 11 | C7: =VLOOKUP(Table6139141143145[[#This Row],[מוצר]],מוצרים!A:B,2,0)*Table6139141143145[[#This Row],[כמות במארז]] -> 32.89
A8: עוגיות חמאה | B8: 2 | C8: =VLOOKUP(Table6139141143145[[#This Row],[מוצר]],מוצרים!A:B,2,0)*Table6139141143145[[#This Row],[כמות במארז]] -> 6.08
A9: עוגת שוקולד אישית(גדול) | B9: 1 | C9: =VLOOKUP(Table6139141143145[[#This Row],[מוצר]],מוצרים!A:B,2,0)*Table6139141143145[[#This Row],[כמות במארז]] -> 7.1

Sheet מארז פורים עם כיבודיות
A1: מוצרים | C1: =SUM(Table6139141143[עלות]) -> 87.08 | F1: אריזה | H1: =SUM(Table7140142144[עלות]) -> 10.5 | P1: חזרה לתפריט
A2: מוצר | B2: כמות במארז | C2: עלות | F2: מוצר | G2: כמות | H2: עלות | K2: עלות מארז | L2: =ROUNDUP(H1+C1,2) -> 97.58
A3: עוגיות בראוניז פורים | B3: 6 | C3: =VLOOKUP(Table6139141143[[#This Row],[מוצר]],מוצרים!A:B,2,0)*Table6139141143[[#This Row],[כמות במארז]] -> 12.72 | F3: מארז חלוקה מכסה | G3: 1 | H3: =ROUNDUP(VLOOKUP(Table7140142144[[#This Row],[מוצר]],אריזות!A:C,2,0)/VLOOKUP(Table7140142144[[#This Row],[מוצר]],אריזות!A:C,3,0)*Table7140142144[[#This Row],[כמות]],2) -> 5
A4: אלפחורס קקאו | B4: 3 | C4: =VLOOKUP(Table6139141143[[#This Row],[מוצר]],מוצרים!A:B,2,0)*Table6139141143[[#This Row],[כמות במארז]] -> 10.62 | F4: כיבודיות | G4: 5 | H4: =ROUNDUP(VLOOKUP(Table7140142144[[#This Row],[מוצר]],אריזות!A:C,2,0)/VLOOKUP(Table7140142144[[#This Row],[מוצר]],אריזות!A:C,3,0)*Table7140142144[[#This Row],[כמות]],2) -> 5.5
A5: אלפחורס | B5: 3 | C5: =VLOOKUP(Table6139141143[[#This Row],[מוצר]],מוצרים!A:B,2,0)*Table6139141143[[#This Row],[כמות במארז]] -> 9.69
A6: אוזן המן מירי כץ וניל | B6: 9 | C6: =VLOOKUP(Table6139141143[[#This Row],[מוצר]],מוצרים!A:B,2,0)*Table6139141143[[#This Row],[כמות במארז]] -> 16.38
A7: אוזן המן מירי כץ קקאו | B7: 9 | C7: =VLOOKUP(Table6139141143[[#This Row],[מוצר]],מוצרים!A:B,2,0)*Table6139141143[[#This Row],[כמות במארז]] -> 16.74
A8: נשיקות מרנג | B8: 7 | C8: =VLOOKUP(Table6139141143[[#This Row],[מוצר]],מוצרים!A:B,2,0)*Table6139141143[[#This Row],[כמות במארז]] -> 20.93
A9: עוגיות חמאה | B9: 0 | C9: =VLOOKUP(Table6139141143[[#This Row],[מוצר]],מוצרים!A:B,2,0)*Table6139141143[[#This Row],[כמות במארז]] -> 0

Sheet מארז פורים קטן
A1: מוצרים | C1: =SUM(Table6139141[עלות]) -> 52.96 | F1: אריזה | H1: =SUM(Table7140142[עלות]) -> 6 | P1: חזרה לתפריט
A2: מוצר | B2: כמות במארז | C2: עלות | F2: מוצר | G2: כמות | H2: עלות | K2: עלות מארז | L2: =ROUNDUP(H1+C1,2) -> 58.96
A3: עוגיות בראוניז פורים | B3: 4 | C3: =VLOOKUP(Table6139141[[#This Row],[מוצר]],מוצרים!A:B,2,0)*Table6139141[[#This Row],[כמות במארז]] -> 8.48 | F3: קופסת עוגת בנטו עם חלון וידית | G3: 1 | H3: =ROUNDUP(VLOOKUP(Table7140142[[#This Row],[מוצר]],אריזות!A:C,2,0)/VLOOKUP(Table7140142[[#This Row],[מוצר]],אריזות!A:C,3,0)*Table7140142[[#This Row],[כמות]],2) -> 4.5
A4: אלפחורס קקאו | B4: 3 | C4: =VLOOKUP(Table6139141[[#This Row],[מוצר]],מוצרים!A:B,2,0)*Table6139141[[#This Row],[כמות במארז]] -> 10.62 | F4: מסכות | G4: 1 | H4: =ROUNDUP(VLOOKUP(Table7140142[[#This Row],[מוצר]],אריזות!A:C,2,0)/VLOOKUP(Table7140142[[#This Row],[מוצר]],אריזות!A:C,3,0)*Table7140142[[#This Row],[כמות]],2) -> 1.5
A5: אלפחורס | B5: 3 | C5: =VLOOKUP(Table6139141[[#This Row],[מוצר]],מוצרים!A:B,2,0)*Table6139141[[#This Row],[כמות במארז]] -> 9.69
A6: אוזן המן מירי כץ וניל | B6: 2 | C6: =VLOOKUP(Table6139141[[#This Row],[מוצר]],מוצרים!A:B,2,0)*Table6139141[[#This Row],[כמות במארז]] -> 3.64
A7: אוזן המן מירי כץ קקאו | B7: 3 | C7: =VLOOKUP(Table6139141[[#This Row],[מוצר]],מוצרים!A:B,2,0)*Table6139141[[#This Row],[כמות במארז]] -> 5.58
A8: נשיקות מרנג | B8: 5 | C8: =VLOOKUP(Table6139141[[#This Row],[מוצר]],מוצרים!A:B,2,0)*Table6139141[[#This Row],[כמות במארז]] -> 14.95

Sheet עוגיות חמאה
A1: מרכיבים | D1: =ROUNDUP(SUM(Recipe10161922495255109114117120123126129138[עלות למתכון]),2) -> 25.87 | F1: עבודה | J1: כמות | O1: אריזה | Q1: =SUM(SinglePack12182124515457111113116119122125128137[עלות]) -> 4.5 | T1: חזרה לתפריט
A2: חומר גלם | B2: כמות במתכון | C2: יחידת מידה | D2: עלות למתכון | F2: שעות עבודה | G2: עלות לשעת עבודה | H2: עלות עבודה | J2: כמות יחידות | K2: עלות ליחידה | O2: מוצר | P2: כמות | Q2: עלות | S2: מחיר כולל ליחדה
A3: חמאה תנובה | B3: 200 | C3: =VLOOKUP(Recipe10161922495255109114117120123126129138[[#This Row],[חומר גלם]],'חומרי גלם'!A:D,4,0) -> גרם | D3: =ROUNDUP(Recipe10161922495255109114117120123126129138[[#This Row],[כמות במתכון]]*VLOOKUP(Recipe10161922495255109114117120123126129138[[#This Row],[חומר גלם]],'חומרי גלם'!A:D,2,0)/VLOOKUP(Recipe10161922495255109114117120123126129138[[#This Row],[חומר גלם]],'חומרי גלם'!A:D,3,0),2) -> 9 | F3: 1 | G3: 50 | H3: =Work11172023505356110112115118121124127136[[#This Row],[עלות לשעת עבודה]]*Work11172023505356110112115118121124127136[[#This Row],[שעות עבודה]] -> 50 | K3: חומרים | L3: עבודה | M3: סה"כ | O3: קופסא לאינגליש מכסה גבוה | P3: 1 | Q3: =ROUNDUP(VLOOKUP(SinglePack12182124515457111113116119122125128137[[#This Row],[מוצר]],אריזות!A:C,2,0)/VLOOKUP(SinglePack12182124515457111113116119122125128137[[#This Row],[מוצר]],אריזות!A:C,3,0)*SinglePack12182124515457111113116119122125128137[[#This Row],[כמות]],2) -> 4.5 | S3: =Q1+M4 -> 7.54
A4: אבקת סוכר | B4: 100 | C4: =VLOOKUP(Recipe10161922495255109114117120123126129138[[#This Row],[חומר גלם]],'חומרי גלם'!A:D,4,0) -> גרם | D4: =ROUNDUP(Recipe10161922495255109114117120123126129138[[#This Row],[כמות במתכון]]*VLOOKUP(Recipe10161922495255109114117120123126129138[[#This Row],[חומר גלם]],'חומרי גלם'!A:D,2,0)/VLOOKUP(Recipe10161922495255109114117120123126129138[[#This Row],[חומר גלם]],'חומרי גלם'!A:D,3,0),2) -> 1 | J4: 25 | K4: =ROUNDUP(D1/J4,2) -> 1.04 | L4: {=ROUNDUP(Work11172023505356110112115118121124127136[עלות עבודה]/J4,2)} -> 2 | M4: =L4+K4 -> 3.04
A5: מחית וניל | B5: 5 | C5: =VLOOKUP(Recipe10161922495255109114117120123126129138[[#This Row],[חומר גלם]],'חומרי גלם'!A:D,4,0) -> גרם | D5: =ROUNDUP(Recipe10161922495255109114117120123126129138[[#This Row],[כמות במתכון]]*VLOOKUP(Recipe10161922495255109114117120123126129138[[#This Row],[חומר גלם]],'חומרי גלם'!A:D,2,0)/VLOOKUP(Recipe10161922495255109114117120123126129138[[#This Row],[חומר גלם]],'חומרי גלם'!A:D,3,0),2) -> 5.38
A6: מלח | B6: 0.1 | C6: =VLOOKUP(Recipe10161922495255109114117120123126129138[[#This Row],[חומר גלם]],'חומרי גלם'!A:D,4,0) -> גרם | D6: =ROUNDUP(Recipe10161922495255109114117120123126129138[[#This Row],[כמות במתכון]]*VLOOKUP(Recipe10161922495255109114117120123126129138[[#This Row],[חומר גלם]],'חומרי גלם'!A:D,2,0)/VLOOKUP(Recipe10161922495255109114117120123126129138[[#This Row],[חומר גלם]],'חומרי גלם'!A:D,3,0),2) -> 0.01
A7: קמח לבן מנופה | B7: 220 | C7: =VLOOKUP(Recipe10161922495255109114117120123126129138[[#This Row],[חומר גלם]],'חומרי גלם'!A:D,4,0) -> גרם | D7: =ROUNDUP(Recipe10161922495255109114117120123126129138[[#This Row],[כמות במתכון]]*VLOOKUP(Recipe10161922495255109114117120123126129138[[#This Row],[חומר גלם]],'חומרי גלם'!A:D,2,0)/VLOOKUP(Recipe10161922495255109114117120123126129138[[#This Row],[חומר גלם]],'חומרי גלם'!A:D,3,0),2) -> 1.9
A8: ביצים M | B8: 1 | C8: =VLOOKUP(Recipe10161922495255109114117120123126129138[[#This Row],[חומר גלם]],'חומרי גלם'!A:D,4,0) -> יחידות | D8: =ROUNDUP(Recipe10161922495255109114117120123126129138[[#This Row],[כמות במתכון]]*VLOOKUP(Recipe10161922495255109114117120123126129138[[#This Row],[חומר גלם]],'חומרי גלם'!A:D,2,0)/VLOOKUP(Recipe10161922495255109114117120123126129138[[#This Row],[חומר גלם]],'חומרי גלם'!A:D,3,0),2) -> 1.08
A9: כללי קטן | B9: 0.5 | C9: =VLOOKUP(Recipe10161922495255109114117120123126129138[[#This Row],[חומר גלם]],'חומרי גלם'!A:D,4,0) -> יחידות | D9: =ROUNDUP(Recipe10161922495255109114117120123126129138[[#This Row],[כמות במתכון]]*VLOOKUP(Recipe10161922495255109114117120123126129138[[#This Row],[חומר גלם]],'חומרי גלם'!A:D,2,0)/VLOOKUP(Recipe10161922495255109114117120123126129138[[#This Row],[חומר גלם]],'חומרי גלם'!A:D,3,0),2) -> 7.5
J11: .

Sheet חטיף שוגי
A1: מרכיבים | D1: =ROUNDUP(SUM(Recipe10161922495255109114117120123126129132135[עלות למתכון]),2) -> 27.51 | F1: עבודה | J1: כמות | O1: אריזה | Q1: =SUM(SinglePack12182124515457111113116119122125128131134[עלות]) -> 4.5 | T1: חזרה לתפריט
A2: חומר גלם | B2: כמות במתכון | C2: יחידת מידה | D2: עלות למתכון | F2: שעות עבודה | G2: עלות לשעת עבודה | H2: עלות עבודה | J2: כמות יחידות | K2: עלות ליחידה | O2: מוצר | P2: כמות | Q2: עלות | S2: מחיר כולל ליחדה
A3: שוקולד לבן מהדרין | B3: 400 | C3: =VLOOKUP(Recipe10161922495255109114117120123126129132135[[#This Row],[חומר גלם]],'חומרי גלם'!A:D,4,0) -> גרם | D3: =ROUNDUP(Recipe10161922495255109114117120123126129132135[[#This Row],[כמות במתכון]]*VLOOKUP(Recipe10161922495255109114117120123126129132135[[#This Row],[חומר גלם]],'חומרי גלם'!A:D,2,0)/VLOOKUP(Recipe10161922495255109114117120123126129132135[[#This Row],[חומר גלם]],'חומרי גלם'!A:D,3,0),2) -> 15 | F3: 0.3 | G3: 50 | H3: =Work11172023505356110112115118121124127130133[[#This Row],[עלות לשעת עבודה]]*Work11172023505356110112115118121124127130133[[#This Row],[שעות עבודה]] -> 15 | K3: חומרים | L3: עבודה | M3: סה"כ | O3: קופסא לאינגליש מכסה גבוה | P3: 1 | Q3: =ROUNDUP(VLOOKUP(SinglePack12182124515457111113116119122125128131134[[#This Row],[מוצר]],אריזות!A:C,2,0)/VLOOKUP(SinglePack12182124515457111113116119122125128131134[[#This Row],[מוצר]],אריזות!A:C,3,0)*SinglePack12182124515457111113116119122125128131134[[#This Row],[כמות]],2) -> 4.5 | S3: =Q1+M4 -> 6.63
A4: קורנפלקס אלופים | B4: 200 | C4: =VLOOKUP(Recipe10161922495255109114117120123126129132135[[#This Row],[חומר גלם]],'חומרי גלם'!A:D,4,0) -> גרם | D4: =ROUNDUP(Recipe10161922495255109114117120123126129132135[[#This Row],[כמות במתכון]]*VLOOKUP(Recipe10161922495255109114117120123126129132135[[#This Row],[חומר גלם]],'חומרי גלם'!A:D,2,0)/VLOOKUP(Recipe10161922495255109114117120123126129132135[[#This Row],[חומר גלם]],'חומרי גלם'!A:D,3,0),2) -> 4.71 | J4: 20 | K4: =ROUNDUP(D1/J4,2) -> 1.38 | L4: {=ROUNDUP(Work11172023505356110112115118121124127130133[עלות עבודה]/J4,2)} -> 0.75 | M4: =L4+K4 -> 2.13
A5: שמן | B5: 20 | C5: =VLOOKUP(Recipe10161922495255109114117120123126129132135[[#This Row],[חומר גלם]],'חומרי גלם'!A:D,4,0) -> מיליליטר | D5: =ROUNDUP(Recipe10161922495255109114117120123126129132135[[#This Row],[כמות במתכון]]*VLOOKUP(Recipe10161922495255109114117120123126129132135[[#This Row],[חומר גלם]],'חומרי גלם'!A:D,2,0)/VLOOKUP(Recipe10161922495255109114117120123126129132135[[#This Row],[חומר גלם]],'חומרי גלם'!A:D,3,0),2) -> 0.3
A6: כללי קטן | B6: 0.5 | C6: =VLOOKUP(Recipe10161922495255109114117120123126129132135[[#This Row],[חומר גלם]],'חומרי גלם'!A:D,4,0) -> יחידות | D6: =ROUNDUP(Recipe10161922495255109114117120123126129132135[[#This Row],[כמות במתכון]]*VLOOKUP(Recipe10161922495255109114117120123126129132135[[#This Row],[חומר גלם]],'חומרי גלם'!A:D,2,0)/VLOOKUP(Recipe10161922495255109114117120123126129132135[[#This Row],[חומר גלם]],'חומרי גלם'!A:D,3,0),2) -> 7.5

Sheet עוגיות בראוניג פורים
A1: מרכיבים | D1: =ROUNDUP(SUM(Recipe10161922495255109114117120123126129[עלות למתכון]),2) -> 34.57 | F1: עבודה | J1: כמות | O1: אריזה | Q1: =SUM(SinglePack12182124515457111113116119122125128[עלות]) -> 4.5 | T1: חזרה לתפריט
A2: חומר גלם | B2: כמות במתכון | C2: יחידת מידה | D2: עלות למתכון | F2: שעות עבודה | G2: עלות לשעת עבודה | H2: עלות עבודה | J2: כמות יחידות | K2: עלות ליחידה | O2: מוצר | P2: כמות | Q2: עלות | S2: מחיר כולל ליחדה
A3: חמאה תנובה | B3: 125 | C3: =VLOOKUP(Recipe10161922495255109114117120123126129[[#This Row],[חומר גלם]],'חומרי גלם'!A:D,4,0) -> גרם | D3: =ROUNDUP(Recipe10161922495255109114117120123126129[[#This Row],[כמות במתכון]]*VLOOKUP(Recipe10161922495255109114117120123126129[[#This Row],[חומר גלם]],'חומרי גלם'!A:D,2,0)/VLOOKUP(Recipe10161922495255109114117120123126129[[#This Row],[חומר גלם]],'חומרי גלם'!A:D,3,0),2) -> 5.63 | F3: 1 | G3: 50 | H3: =Work11172023505356110112115118121124127[[#This Row],[עלות לשעת עבודה]]*Work11172023505356110112115118121124127[[#This Row],[שעות עבודה]] -> 50 | K3: חומרים | L3: עבודה | M3: סה"כ | O3: קופסא לאינגליש מכסה גבוה | P3: 1 | Q3: =ROUNDUP(VLOOKUP(SinglePack12182124515457111113116119122125128[[#This Row],[מוצר]],אריזות!A:C,2,0)/VLOOKUP(SinglePack12182124515457111113116119122125128[[#This Row],[מוצר]],אריזות!A:C,3,0)*SinglePack12182124515457111113116119122125128[[#This Row],[כמות]],2) -> 4.5 | S3: =Q1+M4 -> 6.62
A4: שוקולד מריר מהדרין | B4: 220 | C4: =VLOOKUP(Recipe10161922495255109114117120123126129[[#This Row],[חומר גלם]],'חומרי גלם'!A:D,4,0) -> גרם | D4: =ROUNDUP(Recipe10161922495255109114117120123126129[[#This Row],[כמות במתכון]]*VLOOKUP(Recipe10161922495255109114117120123126129[[#This Row],[חומר גלם]],'חומרי גלם'!A:D,2,0)/VLOOKUP(Recipe10161922495255109114117120123126129[[#This Row],[חומר גלם]],'חומרי גלם'!A:D,3,0),2) -> 7.15 | J4: 40 | K4: =ROUNDUP(D1/J4,2) -> 0.87 | L4: {=ROUNDUP(Work11172023505356110112115118121124127[עלות עבודה]/J4,2)} -> 1.25 | M4: =L4+K4 -> 2.12
A5: ביצים L | B5: 2 | C5: =VLOOKUP(Recipe10161922495255109114117120123126129[[#This Row],[חומר גלם]],'חומרי גלם'!A:D,4,0) -> יחידות | D5: =ROUNDUP(Recipe10161922495255109114117120123126129[[#This Row],[כמות במתכון]]*VLOOKUP(Recipe10161922495255109114117120123126129[[#This Row],[חומר גלם]],'חומרי גלם'!A:D,2,0)/VLOOKUP(Recipe10161922495255109114117120123126129[[#This Row],[חומר גלם]],'חומרי גלם'!A:D,3,0),2) -> 2.33
A6: סוכר לבן | B6: 80 | C6: =VLOOKUP(Recipe10161922495255109114117120123126129[[#This Row],[חומר גלם]],'חומרי גלם'!A:D,4,0) -> גרם | D6: =ROUNDUP(Recipe10161922495255109114117120123126129[[#This Row],[כמות במתכון]]*VLOOKUP(Recipe10161922495255109114117120123126129[[#This Row],[חומר גלם]],'חומרי גלם'!A:D,2,0)/VLOOKUP(Recipe10161922495255109114117120123126129[[#This Row],[חומר גלם]],'חומרי גלם'!A:D,3,0),2) -> 0.42
A7: סוכר חום דמררה | B7: 90 | C7: =VLOOKUP(Recipe10161922495255109114117120123126129[[#This Row],[חומר גלם]],'חומרי גלם'!A:D,4,0) -> גרם | D7: =ROUNDUP(Recipe10161922495255109114117120123126129[[#This Row],[כמות במתכון]]*VLOOKUP(Recipe10161922495255109114117120123126129[[#This Row],[חומר גלם]],'חומרי גלם'!A:D,2,0)/VLOOKUP(Recipe10161922495255109114117120123126129[[#This Row],[חומר גלם]],'חומרי גלם'!A:D,3,0),2) -> 1.17
A8: קקאו | B8: 20 | C8: =VLOOKUP(Recipe10161922495255109114117120123126129[[#This Row],[חומר גלם]],'חומרי גלם'!A:D,4,0) -> גרם | D8: =ROUNDUP(Recipe10161922495255109114117120123126129[[#This Row],[כמות במתכון]]*VLOOKUP(Recipe10161922495255109114117120123126129[[#This Row],[חומר גלם]],'חומרי גלם'!A:D,2,0)/VLOOKUP(Recipe10161922495255109114117120123126129[[#This Row],[חומר גלם]],'חומרי גלם'!A:D,3,0),2) -> 0.87
A9: קורנפלור | B9: 130 | C9: =VLOOKUP(Recipe10161922495255109114117120123126129[[#This Row],[חומר גלם]],'חומרי גלם'!A:D,4,0) -> גרם | D9: =ROUNDUP(Recipe10161922495255109114117120123126129[[#This Row],[כמות במתכון]]*VLOOKUP(Recipe10161922495255109114117120123126129[[#This Row],[חומר גלם]],'חומרי גלם'!A:D,2,0)/VLOOKUP(Recipe10161922495255109114117120123126129[[#This Row],[חומר גלם]],'חומרי גלם'!A:D,3,0),2) -> 1.8
A10: כללי קטן | B10: 1 | C10: =VLOOKUP(Recipe10161922495255109114117120123126129[[#This Row],[חומר גלם]],'חומרי גלם'!A:D,4,0) -> יחידות | D10: =ROUNDUP(Recipe10161922495255109114117120123126129[[#This Row],[כמות במתכון]]*VLOOKUP(Recipe10161922495255109114117120123126129[[#This Row],[חומר גלם]],'חומרי גלם'!A:D,2,0)/VLOOKUP(Recipe10161922495255109114117120123126129[[#This Row],[חומר גלם]],'חומרי גלם'!A:D,3,0),2) -> 15
A11: מלח | B11: 3 | C11: =VLOOKUP(Recipe10161922495255109114117120123126129[[#This Row],[חומר גלם]],'חומרי גלם'!A:D,4,0) -> גרם | D11: =ROUNDUP(Recipe10161922495255109114117120123126129[[#This Row],[כמות במתכון]]*VLOOKUP(Recipe10161922495255109114117120123126129[[#This Row],[חומר גלם]],'חומרי גלם'!A:D,2,0)/VLOOKUP(Recipe10161922495255109114117120123126129[[#This Row],[חומר גלם]],'חומרי גלם'!A:D,3,0),2) -> 0.01
A12: אבקת אפייה | B12: 10 | C12: =VLOOKUP(Recipe10161922495255109114117120123126129[[#This Row],[חומר גלם]],'חומרי גלם'!A:D,4,0) -> גרם | D12: =ROUNDUP(Recipe10161922495255109114117120123126129[[#This Row],[כמות במתכון]]*VLOOKUP(Recipe10161922495255109114117120123126129[[#This Row],[חומר גלם]],'חומרי גלם'!A:D,2,0)/VLOOKUP(Recipe10161922495255109114117120123126129[[#This Row],[חומר גלם]],'חומרי גלם'!A:D,3,0),2) -> 0.19

Sheet נשיקות מרנג
A1: מרכיבים | D1: =ROUNDUP(SUM(Recipe10161922495255109114117120123126129132[עלות למתכון]),2) -> 138.94 | F1: עבודה | J1: כמות | O1: אריזה | Q1: =SUM(SinglePack12182124515457111113116119122125128131[עלות]) -> 4.5 | T1: חזרה לתפריט
A2: חומר גלם | B2: כמות במתכון | C2: יחידת מידה | D2: עלות למתכון | F2: שעות עבודה | G2: עלות לשעת עבודה | H2: עלות עבודה | J2: כמות יחידות | K2: עלות ליחידה | O2: מוצר | P2: כמות | Q2: עלות | S2: מחיר כולל ליחדה
A3: ביצים L | B3: 6 | C3: =VLOOKUP(Recipe10161922495255109114117120123126129132[[#This Row],[חומר גלם]],'חומרי גלם'!A:D,4,0) -> יחידות | D3: =ROUNDUP(Recipe10161922495255109114117120123126129132[[#This Row],[כמות במתכון]]*VLOOKUP(Recipe10161922495255109114117120123126129132[[#This Row],[חומר גלם]],'חומרי גלם'!A:D,2,0)/VLOOKUP(Recipe10161922495255109114117120123126129132[[#This Row],[חומר גלם]],'חומרי גלם'!A:D,3,0),2) -> 6.99 | F3: 2 | G3: 50 | H3: =Work11172023505356110112115118121124127130[[#This Row],[עלות לשעת עבודה]]*Work11172023505356110112115118121124127130[[#This Row],[שעות עבודה]] -> 100 | K3: חומרים | L3: עבודה | M3: סה"כ | O3: קופסא לאינגליש מכסה גבוה | P3: 1 | Q3: =ROUNDUP(VLOOKUP(SinglePack12182124515457111113116119122125128131[[#This Row],[מוצר]],אריזות!A:C,2,0)/VLOOKUP(SinglePack12182124515457111113116119122125128131[[#This Row],[מוצר]],אריזות!A:C,3,0)*SinglePack12182124515457111113116119122125128131[[#This Row],[כמות]],2) -> 4.5 | S3: =Q1+M4 -> 7.49
A4: סוכר לבן | B4: 300 | C4: =VLOOKUP(Recipe10161922495255109114117120123126129132[[#This Row],[חומר גלם]],'חומרי גלם'!A:D,4,0) -> גרם | D4: =ROUNDUP(Recipe10161922495255109114117120123126129132[[#This Row],[כמות במתכון]]*VLOOKUP(Recipe10161922495255109114117120123126129132[[#This Row],[חומר גלם]],'חומרי גלם'!A:D,2,0)/VLOOKUP(Recipe10161922495255109114117120123126129132[[#This Row],[חומר גלם]],'חומרי גלם'!A:D,3,0),2) -> 1.56 | J4: 80 | K4: =ROUNDUP(D1/J4,2) -> 1.74 | L4: {=ROUNDUP(Work11172023505356110112115118121124127130[עלות עבודה]/J4,2)} -> 1.25 | M4: =L4+K4 -> 2.99
A5: מחית וניל | B5: 5 | C5: =VLOOKUP(Recipe10161922495255109114117120123126129132[[#This Row],[חומר גלם]],'חומרי גלם'!A:D,4,0) -> גרם | D5: =ROUNDUP(Recipe10161922495255109114117120123126129132[[#This Row],[כמות במתכון]]*VLOOKUP(Recipe10161922495255109114117120123126129132[[#This Row],[חומר גלם]],'חומרי גלם'!A:D,2,0)/VLOOKUP(Recipe10161922495255109114117120123126129132[[#This Row],[חומר גלם]],'חומרי גלם'!A:D,3,0),2) -> 5.38
A6: מלח | B6: 0.1 | C6: =VLOOKUP(Recipe10161922495255109114117120123126129132[[#This Row],[חומר גלם]],'חומרי גלם'!A:D,4,0) -> גרם | D6: =ROUNDUP(Recipe10161922495255109114117120123126129132[[#This Row],[כמות במתכון]]*VLOOKUP(Recipe10161922495255109114117120123126129132[[#This Row],[חומר גלם]],'חומרי גלם'!A:D,2,0)/VLOOKUP(Recipe10161922495255109114117120123126129132[[#This Row],[חומר גלם]],'חומרי גלם'!A:D,3,0),2) -> 0.01
A7: דפי טרנספר | B7: 5 | C7: =VLOOKUP(Recipe10161922495255109114117120123126129132[[#This Row],[חומר גלם]],'חומרי גלם'!A:D,4,0) -> יחידות | D7: =ROUNDUP(Recipe10161922495255109114117120123126129132[[#This Row],[כמות במתכון]]*VLOOKUP(Recipe10161922495255109114117120123126129132[[#This Row],[חומר גלם]],'חומרי גלם'!A:D,2,0)/VLOOKUP(Recipe10161922495255109114117120123126129132[[#This Row],[חומר גלם]],'חומרי גלם'!A:D,3,0),2) -> 125

Sheet אלפחורס קקאו
A1: מרכיבים | D1: =ROUNDUP(SUM(Recipe10161922495255109114117120123126[עלות למתכון]),2) -> 41.45 | F1: עבודה | J1: כמות | O1: אריזה | Q1: =SUM(SinglePack12182124515457111113116119122125[עלות]) -> 4.5 | T1: חזרה לתפריט
A2: חומר גלם | B2: כמות במתכון | C2: יחידת מידה | D2: עלות למתכון | F2: שעות עבודה | G2: עלות לשעת עבודה | H2: עלות עבודה | J2: כמות יחידות | K2: עלות ליחידה | O2: מוצר | P2: כמות | Q2: עלות | S2: מחיר כולל ליחדה
A3: אבקת סוכר | B3: 50 | C3: =VLOOKUP(Recipe10161922495255109114117120123126[[#This Row],[חומר גלם]],'חומרי גלם'!A:D,4,0) -> גרם | D3: =ROUNDUP(Recipe10161922495255109114117120123126[[#This Row],[כמות במתכון]]*VLOOKUP(Recipe10161922495255109114117120123126[[#This Row],[חומר גלם]],'חומרי גלם'!A:D,2,0)/VLOOKUP(Recipe10161922495255109114117120123126[[#This Row],[חומר גלם]],'חומרי גלם'!A:D,3,0),2) -> 0.5 | F3: 2 | G3: 50 | H3: =Work11172023505356110112115118121124[[#This Row],[עלות לשעת עבודה]]*Work11172023505356110112115118121124[[#This Row],[שעות עבודה]] -> 100 | K3: חומרים | L3: עבודה | M3: סה"כ | O3: קופסא לאינגליש מכסה גבוה | P3: 1 | Q3: =ROUNDUP(VLOOKUP(SinglePack12182124515457111113116119122125[[#This Row],[מוצר]],אריזות!A:C,2,0)/VLOOKUP(SinglePack12182124515457111113116119122125[[#This Row],[מוצר]],אריזות!A:C,3,0)*SinglePack12182124515457111113116119122125[[#This Row],[כמות]],2) -> 4.5 | S3: =Q1+M4 -> 8.04
A4: ביצים M | B4: 1 | C4: =VLOOKUP(Recipe10161922495255109114117120123126[[#This Row],[חומר גלם]],'חומרי גלם'!A:D,4,0) -> יחידות | D4: =ROUNDUP(Recipe10161922495255109114117120123126[[#This Row],[כמות במתכון]]*VLOOKUP(Recipe10161922495255109114117120123126[[#This Row],[חומר גלם]],'חומרי גלם'!A:D,2,0)/VLOOKUP(Recipe10161922495255109114117120123126[[#This Row],[חומר גלם]],'חומרי גלם'!A:D,3,0),2) -> 1.08 | J4: 40 | K4: =ROUNDUP(D1/J4,2) -> 1.04 | L4: {=ROUNDUP(Work11172023505356110112115118121124[עלות עבודה]/J4,2)} -> 2.5 | M4: =L4+K4 -> 3.54
A5: קמח לבן מנופה | B5: 135 | C5: =VLOOKUP(Recipe10161922495255109114117120123126[[#This Row],[חומר גלם]],'חומרי גלם'!A:D,4,0) -> גרם | D5: =ROUNDUP(Recipe10161922495255109114117120123126[[#This Row],[כמות במתכון]]*VLOOKUP(Recipe10161922495255109114117120123126[[#This Row],[חומר גלם]],'חומרי גלם'!A:D,2,0)/VLOOKUP(Recipe10161922495255109114117120123126[[#This Row],[חומר גלם]],'חומרי גלם'!A:D,3,0),2) -> 1.17
A6: קורנפלור | B6: 90 | C6: =VLOOKUP(Recipe10161922495255109114117120123126[[#This Row],[חומר גלם]],'חומרי גלם'!A:D,4,0) -> גרם | D6: =ROUNDUP(Recipe10161922495255109114117120123126[[#This Row],[כמות במתכון]]*VLOOKUP(Recipe10161922495255109114117120123126[[#This Row],[חומר גלם]],'חומרי גלם'!A:D,2,0)/VLOOKUP(Recipe10161922495255109114117120123126[[#This Row],[חומר גלם]],'חומרי גלם'!A:D,3,0),2) -> 1.25
A7: אבקת אפייה | B7: 5 | C7: =VLOOKUP(Recipe10161922495255109114117120123126[[#This Row],[חומר גלם]],'חומרי גלם'!A:D,4,0) -> גרם | D7: =ROUNDUP(Recipe10161922495255109114117120123126[[#This Row],[כמות במתכון]]*VLOOKUP(Recipe10161922495255109114117120123126[[#This Row],[חומר גלם]],'חומרי גלם'!A:D,2,0)/VLOOKUP(Recipe10161922495255109114117120123126[[#This Row],[חומר גלם]],'חומרי גלם'!A:D,3,0),2) -> 0.1
A8: נוטלה | B8: 500 | C8: =VLOOKUP(Recipe10161922495255109114117120123126[[#This Row],[חומר גלם]],'חומרי גלם'!A:D,4,0) -> גרם | D8: =ROUNDUP(Recipe10161922495255109114117120123126[[#This Row],[כמות במתכון]]*VLOOKUP(Recipe10161922495255109114117120123126[[#This Row],[חומר גלם]],'חומרי גלם'!A:D,2,0)/VLOOKUP(Recipe10161922495255109114117120123126[[#This Row],[חומר גלם]],'חומרי גלם'!A:D,3,0),2) -> 20
A9: אגוזי לוז קצוצים | B9: 200 | C9: =VLOOKUP(Recipe10161922495255109114117120123126[[#This Row],[חומר גלם]],'חומרי גלם'!A:D,4,0) -> גרם | D9: =ROUNDUP(Recipe10161922495255109114117120123126[[#This Row],[כמות במתכון]]*VLOOKUP(Recipe10161922495255109114117120123126[[#This Row],[חומר גלם]],'חומרי גלם'!A:D,2,0)/VLOOKUP(Recipe10161922495255109114117120123126[[#This Row],[חומר גלם]],'חומרי גלם'!A:D,3,0),2) -> 11.98
A10: חמאה תנובה | B10: 100 | C10: =VLOOKUP(Recipe10161922495255109114117120123126[[#This Row],[חומר גלם]],'חומרי גלם'!A:D,4,0) -> גרם | D10: =ROUNDUP(Recipe10161922495255109114117120123126[[#This Row],[כמות במתכון]]*VLOOKUP(Recipe10161922495255109114117120123126[[#This Row],[חומר גלם]],'חומרי גלם'!A:D,2,0)/VLOOKUP(Recipe10161922495255109114117120123126[[#This Row],[חומר גלם]],'חומרי גלם'!A:D,3,0),2) -> 4.5
A11: קקאו | B11: 20 | C11: =VLOOKUP(Recipe10161922495255109114117120123126[[#This Row],[חומר גלם]],'חומרי גלם'!A:D,4,0) -> גרם | D11: =ROUNDUP(Recipe10161922495255109114117120123126[[#This Row],[כמות במתכון]]*VLOOKUP(Recipe10161922495255109114117120123126[[#This Row],[חומר גלם]],'חומרי גלם'!A:D,2,0)/VLOOKUP(Recipe10161922495255109114117120123126[[#This Row],[חומר גלם]],'חומרי גלם'!A:D,3,0),2) -> 0.87

Sheet אלפחורס
A1: מרכיבים | D1: =ROUNDUP(SUM(Recipe10161922495255109114117120123[עלות למתכון]),2) -> 28.87 | F1: עבודה | J1: כמות | O1: אריזה | Q1: =SUM(SinglePack12182124515457111113116119122[עלות]) -> 4.5 | T1: חזרה לתפריט
A2: חומר גלם | B2: כמות במתכון | C2: יחידת מידה | D2: עלות למתכון | F2: שעות עבודה | G2: עלות לשעת עבודה | H2: עלות עבודה | J2: כמות יחידות | K2: עלות ליחידה | O2: מוצר | P2: כמות | Q2: עלות | S2: מחיר כולל ליחדה
A3: אבקת סוכר | B3: 50 | C3: =VLOOKUP(Recipe10161922495255109114117120123[[#This Row],[חומר גלם]],'חומרי גלם'!A:D,4,0) -> גרם | D3: =ROUNDUP(Recipe10161922495255109114117120123[[#This Row],[כמות במתכון]]*VLOOKUP(Recipe10161922495255109114117120123[[#This Row],[חומר גלם]],'חומרי גלם'!A:D,2,0)/VLOOKUP(Recipe10161922495255109114117120123[[#This Row],[חומר גלם]],'חומרי גלם'!A:D,3,0),2) -> 0.5 | F3: 2 | G3: 50 | H3: =Work11172023505356110112115118121[[#This Row],[עלות לשעת עבודה]]*Work11172023505356110112115118121[[#This Row],[שעות עבודה]] -> 100 | K3: חומרים | L3: עבודה | M3: סה"כ | O3: קופסא לאינגליש מכסה גבוה | P3: 1 | Q3: =ROUNDUP(VLOOKUP(SinglePack12182124515457111113116119122[[#This Row],[מוצר]],אריזות!A:C,2,0)/VLOOKUP(SinglePack12182124515457111113116119122[[#This Row],[מוצר]],אריזות!A:C,3,0)*SinglePack12182124515457111113116119122[[#This Row],[כמות]],2) -> 4.5 | S3: =Q1+M4 -> 7.73
A4: ביצים M | B4: 1 | C4: =VLOOKUP(Recipe10161922495255109114117120123[[#This Row],[חומר גלם]],'חומרי גלם'!A:D,4,0) -> יחידות | D4: =ROUNDUP(Recipe10161922495255109114117120123[[#This Row],[כמות במתכון]]*VLOOKUP(Recipe10161922495255109114117120123[[#This Row],[חומר גלם]],'חומרי גלם'!A:D,2,0)/VLOOKUP(Recipe10161922495255109114117120123[[#This Row],[חומר גלם]],'חומרי גלם'!A:D,3,0),2) -> 1.08 | J4: 40 | K4: =ROUNDUP(D1/J4,2) -> 0.73 | L4: {=ROUNDUP(Work11172023505356110112115118121[עלות עבודה]/J4,2)} -> 2.5 | M4: =L4+K4 -> 3.23
A5: קמח לבן מנופה | B5: 155 | C5: =VLOOKUP(Recipe10161922495255109114117120123[[#This Row],[חומר גלם]],'חומרי גלם'!A:D,4,0) -> גרם | D5: =ROUNDUP(Recipe10161922495255109114117120123[[#This Row],[כמות במתכון]]*VLOOKUP(Recipe10161922495255109114117120123[[#This Row],[חומר גלם]],'חומרי גלם'!A:D,2,0)/VLOOKUP(Recipe10161922495255109114117120123[[#This Row],[חומר גלם]],'חומרי גלם'!A:D,3,0),2) -> 1.34
A6: קורנפלור | B6: 90 | C6: =VLOOKUP(Recipe10161922495255109114117120123[[#This Row],[חומר גלם]],'חומרי גלם'!A:D,4,0) -> גרם | D6: =ROUNDUP(Recipe10161922495255109114117120123[[#This Row],[כמות במתכון]]*VLOOKUP(Recipe10161922495255109114117120123[[#This Row],[חומר גלם]],'חומרי גלם'!A:D,2,0)/VLOOKUP(Recipe10161922495255109114117120123[[#This Row],[חומר גלם]],'חומרי גלם'!A:D,3,0),2) -> 1.25
A7: אבקת אפייה | B7: 5 | C7: =VLOOKUP(Recipe10161922495255109114117120123[[#This Row],[חומר גלם]],'חומרי גלם'!A:D,4,0) -> גרם | D7: =ROUNDUP(Recipe10161922495255109114117120123[[#This Row],[כמות במתכון]]*VLOOKUP(Recipe10161922495255109114117120123[[#This Row],[חומר גלם]],'חומרי גלם'!A:D,2,0)/VLOOKUP(Recipe10161922495255109114117120123[[#This Row],[חומר גלם]],'חומרי גלם'!A:D,3,0),2) -> 0.1
A8: ריבת חלב קומידה | B8: 500 | C8: =VLOOKUP(Recipe10161922495255109114117120123[[#This Row],[חומר גלם]],'חומרי גלם'!A:D,4,0) -> גרם | D8: =ROUNDUP(Recipe10161922495255109114117120123[[#This Row],[כמות במתכון]]*VLOOKUP(Recipe10161922495255109114117120123[[#This Row],[חומר גלם]],'חומרי גלם'!A:D,2,0)/VLOOKUP(Recipe10161922495255109114117120123[[#This Row],[חומר גלם]],'חומרי גלם'!A:D,3,0),2) -> 15.9
A9: קוקוס | B9: 150 | C9: =VLOOKUP(Recipe10161922495255109114117120123[[#This Row],[חומר גלם]],'חומרי גלם'!A:D,4,0) -> גרם | D9: =ROUNDUP(Recipe10161922495255109114117120123[[#This Row],[כמות במתכון]]*VLOOKUP(Recipe10161922495255109114117120123[[#This Row],[חומר גלם]],'חומרי גלם'!A:D,2,0)/VLOOKUP(Recipe10161922495255109114117120123[[#This Row],[חומר גלם]],'חומרי גלם'!A:D,3,0),2) -> 4.2
A10: חמאה תנובה | B10: 100 | C10: =VLOOKUP(Recipe10161922495255109114117120123[[#This Row],[חומר גלם]],'חומרי גלם'!A:D,4,0) -> גרם | D10: =ROUNDUP(Recipe10161922495255109114117120123[[#This Row],[כמות במתכון]]*VLOOKUP(Recipe10161922495255109114117120123[[#This Row],[חומר גלם]],'חומרי גלם'!A:D,2,0)/VLOOKUP(Recipe10161922495255109114117120123[[#This Row],[חומר גלם]],'חומרי גלם'!A:D,3,0),2) -> 4.5

Sheet עוגת שוקולד אישית
A1: מרכיבים | D1: =ROUNDUP(SUM(Recipe10161922495255109114117120[עלות למתכון]),2) -> 35.91 | F1: עבודה | J1: כמות | O1: אריזה | Q1: =SUM(SinglePack12182124515457111113116119[עלות]) -> 4.5 | T1: חזרה לתפריט
A2: חומר גלם | B2: כמות במתכון | C2: יחידת מידה | D2: עלות למתכון | F2: שעות עבודה | G2: עלות לשעת עבודה | H2: עלות עבודה | J2: כמות יחידות | K2: עלות ליחידה | O2: מוצר | P2: כמות | Q2: עלות | S2: מחיר כולל ליחדה
A3: סוכר לבן | B3: 240 | C3: =VLOOKUP(Recipe10161922495255109114117120[[#This Row],[חומר גלם]],'חומרי גלם'!A:D,4,0) -> גרם | D3: =ROUNDUP(Recipe10161922495255109114117120[[#This Row],[כמות במתכון]]*VLOOKUP(Recipe10161922495255109114117120[[#This Row],[חומר גלם]],'חומרי גלם'!A:D,2,0)/VLOOKUP(Recipe10161922495255109114117120[[#This Row],[חומר גלם]],'חומרי גלם'!A:D,3,0),2) -> 1.25 | F3: 0.4 | G3: 50 | H3: =Work11172023505356110112115118[[#This Row],[עלות לשעת עבודה]]*Work11172023505356110112115118[[#This Row],[שעות עבודה]] -> 20 | K3: חומרים | L3: עבודה | M3: סה"כ | O3: קופסא לאינגליש מכסה גבוה | P3: 1 | Q3: =ROUNDUP(VLOOKUP(SinglePack12182124515457111113116119[[#This Row],[מוצר]],אריזות!A:C,2,0)/VLOOKUP(SinglePack12182124515457111113116119[[#This Row],[מוצר]],אריזות!A:C,3,0)*SinglePack12182124515457111113116119[[#This Row],[כמות]],2) -> 4.5 | S3: =Q1+M4 -> 10.1
A4: ביצים M | B4: 4 | C4: =VLOOKUP(Recipe10161922495255109114117120[[#This Row],[חומר גלם]],'חומרי גלם'!A:D,4,0) -> יחידות | D4: =ROUNDUP(Recipe10161922495255109114117120[[#This Row],[כמות במתכון]]*VLOOKUP(Recipe10161922495255109114117120[[#This Row],[חומר גלם]],'חומרי גלם'!A:D,2,0)/VLOOKUP(Recipe10161922495255109114117120[[#This Row],[חומר גלם]],'חומרי גלם'!A:D,3,0),2) -> 4.3 | J4: 10 | K4: =ROUNDUP(D1/J4,2) -> 3.6 | L4: {=ROUNDUP(Work11172023505356110112115118[עלות עבודה]/J4,2)} -> 2 | M4: =L4+K4 -> 5.6
A5: קמח תופח | B5: 140 | C5: =VLOOKUP(Recipe10161922495255109114117120[[#This Row],[חומר גלם]],'חומרי גלם'!A:D,4,0) -> גרם | D5: =ROUNDUP(Recipe10161922495255109114117120[[#This Row],[כמות במתכון]]*VLOOKUP(Recipe10161922495255109114117120[[#This Row],[חומר גלם]],'חומרי גלם'!A:D,2,0)/VLOOKUP(Recipe10161922495255109114117120[[#This Row],[חומר גלם]],'חומרי גלם'!A:D,3,0),2) -> 1.11
A6: שמן | B6: 200 | C6: =VLOOKUP(Recipe10161922495255109114117120[[#This Row],[חומר גלם]],'חומרי גלם'!A:D,4,0) -> מיליליטר | D6: =ROUNDUP(Recipe10161922495255109114117120[[#This Row],[כמות במתכון]]*VLOOKUP(Recipe10161922495255109114117120[[#This Row],[חומר גלם]],'חומרי גלם'!A:D,2,0)/VLOOKUP(Recipe10161922495255109114117120[[#This Row],[חומר גלם]],'חומרי גלם'!A:D,3,0),2) -> 2.98
A7: שוקולית | B7: 140 | C7: =VLOOKUP(Recipe10161922495255109114117120[[#This Row],[חומר גלם]],'חומרי גלם'!A:D,4,0) -> גרם | D7: =ROUNDUP(Recipe10161922495255109114117120[[#This Row],[כמות במתכון]]*VLOOKUP(Recipe10161922495255109114117120[[#This Row],[חומר גלם]],'חומרי גלם'!A:D,2,0)/VLOOKUP(Recipe10161922495255109114117120[[#This Row],[חומר גלם]],'חומרי גלם'!A:D,3,0),2) -> 4.2
A8: שמנת מתוקה 38% | B8: 250 | C8: =VLOOKUP(Recipe10161922495255109114117120[[#This Row],[חומר גלם]],'חומרי גלם'!A:D,4,0) -> גרם | D8: =ROUNDUP(Recipe10161922495255109114117120[[#This Row],[כמות במתכון]]*VLOOKUP(Recipe10161922495255109114117120[[#This Row],[חומר גלם]],'חומרי גלם'!A:D,2,0)/VLOOKUP(Recipe10161922495255109114117120[[#This Row],[חומר גלם]],'חומרי גלם'!A:D,3,0),2) -> 7.07
A9: כללי קטן | B9: 1 | C9: =VLOOKUP(Recipe10161922495255109114117120[[#This Row],[חומר גלם]],'חומרי גלם'!A:D,4,0) -> יחידות | D9: =ROUNDUP(Recipe10161922495255109114117120[[#This Row],[כמות במתכון]]*VLOOKUP(Recipe10161922495255109114117120[[#This Row],[חומר גלם]],'חומרי גלם'!A:D,2,0)/VLOOKUP(Recipe10161922495255109114117120[[#This Row],[חומר גלם]],'חומרי גלם'!A:D,3,0),2) -> 15

Sheet אוזני המן מירי כץ פיסטוק
A1: מרכיבים | D1: =ROUNDUP(SUM(Recipe10161922495255109114117[עלות למתכון]),2) -> 42.12 | F1: עבודה | J1: כמות | O1: אריזה | Q1: =SUM(SinglePack12182124515457111113116[עלות]) -> 4.5 | T1: חזרה לתפריט
A2: חומר גלם | B2: כמות במתכון | C2: יחידת מידה | D2: עלות למתכון | F2: שעות עבודה | G2: עלות לשעת עבודה | H2: עלות עבודה | J2: כמות יחידות | K2: עלות ליחידה | O2: מוצר | P2: כמות | Q2: עלות | S2: מחיר כולל ליחדה
A3: קמח לבן מנופה | B3: 320 | C3: =VLOOKUP(Recipe10161922495255109114117[[#This Row],[חומר גלם]],'חומרי גלם'!A:D,4,0) -> גרם | D3: =ROUNDUP(Recipe10161922495255109114117[[#This Row],[כמות במתכון]]*VLOOKUP(Recipe10161922495255109114117[[#This Row],[חומר גלם]],'חומרי גלם'!A:D,2,0)/VLOOKUP(Recipe10161922495255109114117[[#This Row],[חומר גלם]],'חומרי גלם'!A:D,3,0),2) -> 2.76 | F3: 0.4 | G3: 50 | H3: =Work11172023505356110112115[[#This Row],[עלות לשעת עבודה]]*Work11172023505356110112115[[#This Row],[שעות עבודה]] -> 20 | K3: חומרים | L3: עבודה | M3: סה"כ | O3: קופסא לאינגליש מכסה גבוה | P3: 1 | Q3: =ROUNDUP(VLOOKUP(SinglePack12182124515457111113116[[#This Row],[מוצר]],אריזות!A:C,2,0)/VLOOKUP(SinglePack12182124515457111113116[[#This Row],[מוצר]],אריזות!A:C,3,0)*SinglePack12182124515457111113116[[#This Row],[כמות]],2) -> 4.5 | S3: =Q1+M4 -> 6.58
A4: אבקת סוכר | B4: 90 | C4: =VLOOKUP(Recipe10161922495255109114117[[#This Row],[חומר גלם]],'חומרי גלם'!A:D,4,0) -> גרם | D4: =ROUNDUP(Recipe10161922495255109114117[[#This Row],[כמות במתכון]]*VLOOKUP(Recipe10161922495255109114117[[#This Row],[חומר גלם]],'חומרי גלם'!A:D,2,0)/VLOOKUP(Recipe10161922495255109114117[[#This Row],[חומר גלם]],'חומרי גלם'!A:D,3,0),2) -> 0.9 | J4: 30 | K4: =ROUNDUP(D1/J4,2) -> 1.41 | L4: {=ROUNDUP(Work11172023505356110112115[עלות עבודה]/J4,2)} -> 0.67 | M4: =L4+K4 -> 2.08
A5: חמאה תנובה | B5: 200 | C5: =VLOOKUP(Recipe10161922495255109114117[[#This Row],[חומר גלם]],'חומרי גלם'!A:D,4,0) -> גרם | D5: =ROUNDUP(Recipe10161922495255109114117[[#This Row],[כמות במתכון]]*VLOOKUP(Recipe10161922495255109114117[[#This Row],[חומר גלם]],'חומרי גלם'!A:D,2,0)/VLOOKUP(Recipe10161922495255109114117[[#This Row],[חומר גלם]],'חומרי גלם'!A:D,3,0),2) -> 9
A6: ביצים L | B6: 1 | C6: =VLOOKUP(Recipe10161922495255109114117[[#This Row],[חומר גלם]],'חומרי גלם'!A:D,4,0) -> יחידות | D6: =ROUNDUP(Recipe10161922495255109114117[[#This Row],[כמות במתכון]]*VLOOKUP(Recipe10161922495255109114117[[#This Row],[חומר גלם]],'חומרי גלם'!A:D,2,0)/VLOOKUP(Recipe10161922495255109114117[[#This Row],[חומר גלם]],'חומרי גלם'!A:D,3,0),2) -> 1.17
A7: שמנת מתוקה 38% | B7: 10 | C7: =VLOOKUP(Recipe10161922495255109114117[[#This Row],[חומר גלם]],'חומרי גלם'!A:D,4,0) -> גרם | D7: =ROUNDUP(Recipe10161922495255109114117[[#This Row],[כמות במתכון]]*VLOOKUP(Recipe10161922495255109114117[[#This Row],[חומר גלם]],'חומרי גלם'!A:D,2,0)/VLOOKUP(Recipe10161922495255109114117[[#This Row],[חומר גלם]],'חומרי גלם'!A:D,3,0),2) -> 0.29
A8: ממרח spread it | B8: 40 | C8: =VLOOKUP(Recipe10161922495255109114117[[#This Row],[חומר גלם]],'חומרי גלם'!A:D,4,0) -> גרם | D8: =ROUNDUP(Recipe10161922495255109114117[[#This Row],[כמות במתכון]]*VLOOKUP(Recipe10161922495255109114117[[#This Row],[חומר גלם]],'חומרי גלם'!A:D,2,0)/VLOOKUP(Recipe10161922495255109114117[[#This Row],[חומר גלם]],'חומרי גלם'!A:D,3,0),2) -> 2.4
A9: פיסטוק | B9: 40 | C9: =VLOOKUP(Recipe10161922495255109114117[[#This Row],[חומר גלם]],'חומרי גלם'!A:D,4,0) -> גרם | D9: =ROUNDUP(Recipe10161922495255109114117[[#This Row],[כמות במתכון]]*VLOOKUP(Recipe10161922495255109114117[[#This Row],[חומר גלם]],'חומרי גלם'!A:D,2,0)/VLOOKUP(Recipe10161922495255109114117[[#This Row],[חומר גלם]],'חומרי גלם'!A:D,3,0),2) -> 5.6
A10: כללי בינוני | B10: 1 | C10: =VLOOKUP(Recipe10161922495255109114117[[#This Row],[חומר גלם]],'חומרי גלם'!A:D,4,0) -> יחידות | D10: =ROUNDUP(Recipe10161922495255109114117[[#This Row],[כמות במתכון]]*VLOOKUP(Recipe10161922495255109114117[[#This Row],[חומר גלם]],'חומרי גלם'!A:D,2,0)/VLOOKUP(Recipe10161922495255109114117[[#This Row],[חומר גלם]],'חומרי גלם'!A:D,3,0),2) -> 20

Sheet אוזני המן מירי כץ קקאו
A1: מרכיבים | D1: =ROUNDUP(SUM(Recipe10161922495255109114[עלות למתכון]),2) -> 35.65 | F1: עבודה | J1: כמות | O1: אריזה | Q1: =SUM(SinglePack12182124515457111113[עלות]) -> 4.5 | T1: חזרה לתפריט
A2: חומר גלם | B2: כמות במתכון | C2: יחידת מידה | D2: עלות למתכון | F2: שעות עבודה | G2: עלות לשעת עבודה | H2: עלות עבודה | J2: כמות יחידות | K2: עלות ליחידה | O2: מוצר | P2: כמות | Q2: עלות | S2: מחיר כולל ליחדה
A3: קמח לבן מנופה | B3: 320 | C3: =VLOOKUP(Recipe10161922495255109114[[#This Row],[חומר גלם]],'חומרי גלם'!A:D,4,0) -> גרם | D3: =ROUNDUP(Recipe10161922495255109114[[#This Row],[כמות במתכון]]*VLOOKUP(Recipe10161922495255109114[[#This Row],[חומר גלם]],'חומרי גלם'!A:D,2,0)/VLOOKUP(Recipe10161922495255109114[[#This Row],[חומר גלם]],'חומרי גלם'!A:D,3,0),2) -> 2.76 | F3: 0.4 | G3: 50 | H3: =Work11172023505356110112[[#This Row],[עלות לשעת עבודה]]*Work11172023505356110112[[#This Row],[שעות עבודה]] -> 20 | K3: חומרים | L3: עבודה | M3: סה"כ | O3: קופסא לאינגליש מכסה גבוה | P3: 1 | Q3: =ROUNDUP(VLOOKUP(SinglePack12182124515457111113[[#This Row],[מוצר]],אריזות!A:C,2,0)/VLOOKUP(SinglePack12182124515457111113[[#This Row],[מוצר]],אריזות!A:C,3,0)*SinglePack12182124515457111113[[#This Row],[כמות]],2) -> 4.5 | S3: =Q1+M4 -> 6.36
A4: אבקת סוכר | B4: 90 | C4: =VLOOKUP(Recipe10161922495255109114[[#This Row],[חומר גלם]],'חומרי גלם'!A:D,4,0) -> גרם | D4: =ROUNDUP(Recipe10161922495255109114[[#This Row],[כמות במתכון]]*VLOOKUP(Recipe10161922495255109114[[#This Row],[חומר גלם]],'חומרי גלם'!A:D,2,0)/VLOOKUP(Recipe10161922495255109114[[#This Row],[חומר גלם]],'חומרי גלם'!A:D,3,0),2) -> 0.9 | J4: 30 | K4: =ROUNDUP(D1/J4,2) -> 1.19 | L4: {=ROUNDUP(Work11172023505356110112[עלות עבודה]/J4,2)} -> 0.67 | M4: =L4+K4 -> 1.86
A5: חמאה תנובה | B5: 200 | C5: =VLOOKUP(Recipe10161922495255109114[[#This Row],[חומר גלם]],'חומרי גלם'!A:D,4,0) -> גרם | D5: =ROUNDUP(Recipe10161922495255109114[[#This Row],[כמות במתכון]]*VLOOKUP(Recipe10161922495255109114[[#This Row],[חומר גלם]],'חומרי גלם'!A:D,2,0)/VLOOKUP(Recipe10161922495255109114[[#This Row],[חומר גלם]],'חומרי גלם'!A:D,3,0),2) -> 9
A6: ביצים L | B6: 1 | C6: =VLOOKUP(Recipe10161922495255109114[[#This Row],[חומר גלם]],'חומרי גלם'!A:D,4,0) -> יחידות | D6: =ROUNDUP(Recipe10161922495255109114[[#This Row],[כמות במתכון]]*VLOOKUP(Recipe10161922495255109114[[#This Row],[חומר גלם]],'חומרי גלם'!A:D,2,0)/VLOOKUP(Recipe10161922495255109114[[#This Row],[חומר גלם]],'חומרי גלם'!A:D,3,0),2) -> 1.17
A7: שמנת מתוקה 38% | B7: 10 | C7: =VLOOKUP(Recipe10161922495255109114[[#This Row],[חומר גלם]],'חומרי גלם'!A:D,4,0) -> גרם | D7: =ROUNDUP(Recipe10161922495255109114[[#This Row],[כמות במתכון]]*VLOOKUP(Recipe10161922495255109114[[#This Row],[חומר גלם]],'חומרי גלם'!A:D,2,0)/VLOOKUP(Recipe10161922495255109114[[#This Row],[חומר גלם]],'חומרי גלם'!A:D,3,0),2) -> 0.29
A8: קקאו | B8: 35 | C8: =VLOOKUP(Recipe10161922495255109114[[#This Row],[חומר גלם]],'חומרי גלם'!A:D,4,0) -> גרם | D8: =ROUNDUP(Recipe10161922495255109114[[#This Row],[כמות במתכון]]*VLOOKUP(Recipe10161922495255109114[[#This Row],[חומר גלם]],'חומרי גלם'!A:D,2,0)/VLOOKUP(Recipe10161922495255109114[[#This Row],[חומר גלם]],'חומרי גלם'!A:D,3,0),2) -> 1.53
A9: כללי בינוני | B9: 1 | C9: =VLOOKUP(Recipe10161922495255109114[[#This Row],[חומר גלם]],'חומרי גלם'!A:D,4,0) -> יחידות | D9: =ROUNDUP(Recipe10161922495255109114[[#This Row],[כמות במתכון]]*VLOOKUP(Recipe10161922495255109114[[#This Row],[חומר גלם]],'חומרי גלם'!A:D,2,0)/VLOOKUP(Recipe10161922495255109114[[#This Row],[חומר גלם]],'חומרי גלם'!A:D,3,0),2) -> 20

Sheet אוזני המן מירי כץ וניל
A1: מרכיבים | D1: =ROUNDUP(SUM(Recipe10161922495255109[עלות למתכון]),2) -> 34.42 | F1: עבודה | J1: כמות | O1: אריזה | Q1: =SUM(SinglePack12182124515457111[עלות]) -> 4.5 | T1: חזרה לתפריט
A2: חומר גלם | B2: כמות במתכון | C2: יחידת מידה | D2: עלות למתכון | F2: שעות עבודה | G2: עלות לשעת עבודה | H2: עלות עבודה | J2: כמות יחידות | K2: עלות ליחידה | O2: מוצר | P2: כמות | Q2: עלות | S2: מחיר כולל ליחדה
A3: קמח לבן מנופה | B3: 350 | C3: =VLOOKUP(Recipe10161922495255109[[#This Row],[חומר גלם]],'חומרי גלם'!A:D,4,0) -> גרם | D3: =ROUNDUP(Recipe10161922495255109[[#This Row],[כמות במתכון]]*VLOOKUP(Recipe10161922495255109[[#This Row],[חומר גלם]],'חומרי גלם'!A:D,2,0)/VLOOKUP(Recipe10161922495255109[[#This Row],[חומר גלם]],'חומרי גלם'!A:D,3,0),2) -> 3.01 | F3: 0.4 | G3: 50 | H3: =Work11172023505356110[[#This Row],[עלות לשעת עבודה]]*Work11172023505356110[[#This Row],[שעות עבודה]] -> 20 | K3: חומרים | L3: עבודה | M3: סה"כ | O3: קופסא לאינגליש מכסה גבוה | P3: 1 | Q3: =ROUNDUP(VLOOKUP(SinglePack12182124515457111[[#This Row],[מוצר]],אריזות!A:C,2,0)/VLOOKUP(SinglePack12182124515457111[[#This Row],[מוצר]],אריזות!A:C,3,0)*SinglePack12182124515457111[[#This Row],[כמות]],2) -> 4.5 | S3: =Q1+M4 -> 6.32
A4: אבקת סוכר | B4: 95 | C4: =VLOOKUP(Recipe10161922495255109[[#This Row],[חומר גלם]],'חומרי גלם'!A:D,4,0) -> גרם | D4: =ROUNDUP(Recipe10161922495255109[[#This Row],[כמות במתכון]]*VLOOKUP(Recipe10161922495255109[[#This Row],[חומר גלם]],'חומרי גלם'!A:D,2,0)/VLOOKUP(Recipe10161922495255109[[#This Row],[חומר גלם]],'חומרי גלם'!A:D,3,0),2) -> 0.95 | J4: 30 | K4: =ROUNDUP(D1/J4,2) -> 1.15 | L4: {=ROUNDUP(Work11172023505356110[עלות עבודה]/J4,2)} -> 0.67 | M4: =L4+K4 -> 1.82
A5: חמאה תנובה | B5: 200 | C5: =VLOOKUP(Recipe10161922495255109[[#This Row],[חומר גלם]],'חומרי גלם'!A:D,4,0) -> גרם | D5: =ROUNDUP(Recipe10161922495255109[[#This Row],[כמות במתכון]]*VLOOKUP(Recipe10161922495255109[[#This Row],[חומר גלם]],'חומרי גלם'!A:D,2,0)/VLOOKUP(Recipe10161922495255109[[#This Row],[חומר גלם]],'חומרי גלם'!A:D,3,0),2) -> 9
A6: ביצים L | B6: 1 | C6: =VLOOKUP(Recipe10161922495255109[[#This Row],[חומר גלם]],'חומרי גלם'!A:D,4,0) -> יחידות | D6: =ROUNDUP(Recipe10161922495255109[[#This Row],[כמות במתכון]]*VLOOKUP(Recipe10161922495255109[[#This Row],[חומר גלם]],'חומרי גלם'!A:D,2,0)/VLOOKUP(Recipe10161922495255109[[#This Row],[חומר גלם]],'חומרי גלם'!A:D,3,0),2) -> 1.17
A7: שמנת מתוקה 38% | B7: 10 | C7: =VLOOKUP(Recipe10161922495255109[[#This Row],[חומר גלם]],'חומרי גלם'!A:D,4,0) -> גרם | D7: =ROUNDUP(Recipe10161922495255109[[#This Row],[כמות במתכון]]*VLOOKUP(Recipe10161922495255109[[#This Row],[חומר גלם]],'חומרי גלם'!A:D,2,0)/VLOOKUP(Recipe10161922495255109[[#This Row],[חומר גלם]],'חומרי גלם'!A:D,3,0),2) -> 0.29
A8: כללי בינוני | B8: 1 | C8: =VLOOKUP(Recipe10161922495255109[[#This Row],[חומר גלם]],'חומרי גלם'!A:D,4,0) -> יחידות | D8: =ROUNDUP(Recipe10161922495255109[[#This Row],[כמות במתכון]]*VLOOKUP(Recipe10161922495255109[[#This Row],[חומר גלם]],'חומרי גלם'!A:D,2,0)/VLOOKUP(Recipe10161922495255109[[#This Row],[חומר גלם]],'חומרי גלם'!A:D,3,0),2) -> 20

Sheet עוגת שוקולד בלי ביצים
A1: מרכיבים | D1: =ROUNDUP(SUM(Recipe1058616467707376798285919497100103106[עלות למתכון]),2) -> 33.69 | F1: עבודה | J1: כמות | O1: אריזה | Q1: =SUM(SinglePack1260636669727578818487939699102105108[עלות]) -> 3.5 | T1: חזרה לתפריט
A2: חומר גלם | B2: כמות במתכון | C2: יחידת מידה | D2: עלות למתכון | F2: שעות עבודה | G2: עלות לשעת עבודה | H2: עלות עבודה | J2: כמות יחידות | K2: עלות ליחידה | O2: מוצר | P2: כמות | Q2: עלות | S2: מחיר כולל ליחדה
A3: קמח לבן מנופה | B3: 575 | C3: =VLOOKUP(Recipe1058616467707376798285919497100103106[[#This Row],[חומר גלם]],'חומרי גלם'!A:D,4,0) -> גרם | D3: =ROUNDUP(Recipe1058616467707376798285919497100103106[[#This Row],[כמות במתכון]]*VLOOKUP(Recipe1058616467707376798285919497100103106[[#This Row],[חומר גלם]],'חומרי גלם'!A:D,2,0)/VLOOKUP(Recipe1058616467707376798285919497100103106[[#This Row],[חומר גלם]],'חומרי גלם'!A:D,3,0),2) -> 4.95 | F3: 0.4 | G3: 100 | H3: =Work1159626568717477808386929598101104107[[#This Row],[עלות לשעת עבודה]]*Work1159626568717477808386929598101104107[[#This Row],[שעות עבודה]] -> 40 | K3: חומרים | L3: עבודה | M3: סה"כ | O3: קריסטל לב קוטר 16 | P3: 1 | Q3: =ROUNDUP(VLOOKUP(SinglePack1260636669727578818487939699102105108[[#This Row],[מוצר]],אריזות!A:C,2,0)/VLOOKUP(SinglePack1260636669727578818487939699102105108[[#This Row],[מוצר]],אריזות!A:C,3,0)*SinglePack1260636669727578818487939699102105108[[#This Row],[כמות]],2) -> 3.5 | S3: =Q1+M4 -> 77.19
A4: סוכר לבן | B4: 600 | C4: =VLOOKUP(Recipe1058616467707376798285919497100103106[[#This Row],[חומר גלם]],'חומרי גלם'!A:D,4,0) -> גרם | D4: =ROUNDUP(Recipe1058616467707376798285919497100103106[[#This Row],[כמות במתכון]]*VLOOKUP(Recipe1058616467707376798285919497100103106[[#This Row],[חומר גלם]],'חומרי גלם'!A:D,2,0)/VLOOKUP(Recipe1058616467707376798285919497100103106[[#This Row],[חומר גלם]],'חומרי גלם'!A:D,3,0),2) -> 3.12 | J4: 1 | K4: =ROUNDUP(D1/J4,2) -> 33.69 | L4: {=ROUNDUP(Work1159626568717477808386929598101104107[עלות עבודה]/J4,2)} -> 40 | M4: =L4+K4 -> 73.69
A5: חומץ | B5: 30 | C5: =VLOOKUP(Recipe1058616467707376798285919497100103106[[#This Row],[חומר גלם]],'חומרי גלם'!A:D,4,0) -> מיליליטר | D5: =ROUNDUP(Recipe1058616467707376798285919497100103106[[#This Row],[כמות במתכון]]*VLOOKUP(Recipe1058616467707376798285919497100103106[[#This Row],[חומר גלם]],'חומרי גלם'!A:D,2,0)/VLOOKUP(Recipe1058616467707376798285919497100103106[[#This Row],[חומר גלם]],'חומרי גלם'!A:D,3,0),2) -> 0.21
A6: שמן | B6: 265 | C6: =VLOOKUP(Recipe1058616467707376798285919497100103106[[#This Row],[חומר גלם]],'חומרי גלם'!A:D,4,0) -> מיליליטר | D6: =ROUNDUP(Recipe1058616467707376798285919497100103106[[#This Row],[כמות במתכון]]*VLOOKUP(Recipe1058616467707376798285919497100103106[[#This Row],[חומר גלם]],'חומרי גלם'!A:D,2,0)/VLOOKUP(Recipe1058616467707376798285919497100103106[[#This Row],[חומר גלם]],'חומרי גלם'!A:D,3,0),2) -> 3.95
A7: קקאו | B7: 140 | C7: =VLOOKUP(Recipe1058616467707376798285919497100103106[[#This Row],[חומר גלם]],'חומרי גלם'!A:D,4,0) -> גרם | D7: =ROUNDUP(Recipe1058616467707376798285919497100103106[[#This Row],[כמות במתכון]]*VLOOKUP(Recipe1058616467707376798285919497100103106[[#This Row],[חומר גלם]],'חומרי גלם'!A:D,2,0)/VLOOKUP(Recipe1058616467707376798285919497100103106[[#This Row],[חומר גלם]],'חומרי גלם'!A:D,3,0),2) -> 6.09
A8: סודה לשתייה | B8: 6 | C8: =VLOOKUP(Recipe1058616467707376798285919497100103106[[#This Row],[חומר גלם]],'חומרי גלם'!A:D,4,0) -> גרם | D8: =ROUNDUP(Recipe1058616467707376798285919497100103106[[#This Row],[כמות במתכון]]*VLOOKUP(Recipe1058616467707376798285919497100103106[[#This Row],[חומר גלם]],'חומרי גלם'!A:D,2,0)/VLOOKUP(Recipe1058616467707376798285919497100103106[[#This Row],[חומר גלם]],'חומרי גלם'!A:D,3,0),2) -> 0.36
A9: מלח | B9: 6 | C9: =VLOOKUP(Recipe1058616467707376798285919497100103106[[#This Row],[חומר גלם]],'חומרי גלם'!A:D,4,0) -> גרם | D9: =ROUNDUP(Recipe1058616467707376798285919497100103106[[#This Row],[כמות במתכון]]*VLOOKUP(Recipe1058616467707376798285919497100103106[[#This Row],[חומר גלם]],'חומרי גלם'!A:D,2,0)/VLOOKUP(Recipe1058616467707376798285919497100103106[[#This Row],[חומר גלם]],'חומרי גלם'!A:D,3,0),2) -> 0.01
A10: כללי קטן | B10: 1 | C10: =VLOOKUP(Recipe1058616467707376798285919497100103106[[#This Row],[חומר גלם]],'חומרי גלם'!A:D,4,0) -> יחידות | D10: =ROUNDUP(Recipe1058616467707376798285919497100103106[[#This Row],[כמות במתכון]]*VLOOKUP(Recipe1058616467707376798285919497100103106[[#This Row],[חומר גלם]],'חומרי גלם'!A:D,2,0)/VLOOKUP(Recipe1058616467707376798285919497100103106[[#This Row],[חומר גלם]],'חומרי גלם'!A:D,3,0),2) -> 15

Sheet עוגת שוקולד שלי
A1: מרכיבים | D1: =ROUNDUP(SUM(Recipe1058616467707376798285919497100103[עלות למתכון]),2) -> 36.51 | F1: עבודה | J1: כמות | O1: אריזה | Q1: =SUM(SinglePack1260636669727578818487939699102105[עלות]) -> 3.5 | T1: חזרה לתפריט
A2: חומר גלם | B2: כמות במתכון | C2: יחידת מידה | D2: עלות למתכון | F2: שעות עבודה | G2: עלות לשעת עבודה | H2: עלות עבודה | J2: כמות יחידות | K2: עלות ליחידה | O2: מוצר | P2: כמות | Q2: עלות | S2: מחיר כולל ליחדה
A3: ביצים M | B3: 5 | C3: =VLOOKUP(Recipe1058616467707376798285919497100103[[#This Row],[חומר גלם]],'חומרי גלם'!A:D,4,0) -> יחידות | D3: =ROUNDUP(Recipe1058616467707376798285919497100103[[#This Row],[כמות במתכון]]*VLOOKUP(Recipe1058616467707376798285919497100103[[#This Row],[חומר גלם]],'חומרי גלם'!A:D,2,0)/VLOOKUP(Recipe1058616467707376798285919497100103[[#This Row],[חומר גלם]],'חומרי גלם'!A:D,3,0),2) -> 5.38 | F3: 0.4 | G3: 100 | H3: =Work1159626568717477808386929598101104[[#This Row],[עלות לשעת עבודה]]*Work1159626568717477808386929598101104[[#This Row],[שעות עבודה]] -> 40 | K3: חומרים | L3: עבודה | M3: סה"כ | O3: קריסטל לב קוטר 16 | P3: 1 | Q3: =ROUNDUP(VLOOKUP(SinglePack1260636669727578818487939699102105[[#This Row],[מוצר]],אריזות!A:C,2,0)/VLOOKUP(SinglePack1260636669727578818487939699102105[[#This Row],[מוצר]],אריזות!A:C,3,0)*SinglePack1260636669727578818487939699102105[[#This Row],[כמות]],2) -> 3.5 | S3: =Q1+M4 -> 80.01
A4: שמן | B4: 200 | C4: =VLOOKUP(Recipe1058616467707376798285919497100103[[#This Row],[חומר גלם]],'חומרי גלם'!A:D,4,0) -> מיליליטר | D4: =ROUNDUP(Recipe1058616467707376798285919497100103[[#This Row],[כמות במתכון]]*VLOOKUP(Recipe1058616467707376798285919497100103[[#This Row],[חומר גלם]],'חומרי גלם'!A:D,2,0)/VLOOKUP(Recipe1058616467707376798285919497100103[[#This Row],[חומר גלם]],'חומרי גלם'!A:D,3,0),2) -> 2.98 | J4: 1 | K4: =ROUNDUP(D1/J4,2) -> 36.51 | L4: {=ROUNDUP(Work1159626568717477808386929598101104[עלות עבודה]/J4,2)} -> 40 | M4: =L4+K4 -> 76.51
A5: קמח לבן מנופה | B5: 420 | C5: =VLOOKUP(Recipe1058616467707376798285919497100103[[#This Row],[חומר גלם]],'חומרי גלם'!A:D,4,0) -> גרם | D5: =ROUNDUP(Recipe1058616467707376798285919497100103[[#This Row],[כמות במתכון]]*VLOOKUP(Recipe1058616467707376798285919497100103[[#This Row],[חומר גלם]],'חומרי גלם'!A:D,2,0)/VLOOKUP(Recipe1058616467707376798285919497100103[[#This Row],[חומר גלם]],'חומרי גלם'!A:D,3,0),2) -> 3.62
A6: סוכר לבן | B6: 400 | C6: =VLOOKUP(Recipe1058616467707376798285919497100103[[#This Row],[חומר גלם]],'חומרי גלם'!A:D,4,0) -> גרם | D6: =ROUNDUP(Recipe1058616467707376798285919497100103[[#This Row],[כמות במתכון]]*VLOOKUP(Recipe1058616467707376798285919497100103[[#This Row],[חומר גלם]],'חומרי גלם'!A:D,2,0)/VLOOKUP(Recipe1058616467707376798285919497100103[[#This Row],[חומר גלם]],'חומרי גלם'!A:D,3,0),2) -> 2.08
A7: אבקת אפייה | B7: 20 | C7: =VLOOKUP(Recipe1058616467707376798285919497100103[[#This Row],[חומר גלם]],'חומרי גלם'!A:D,4,0) -> גרם | D7: =ROUNDUP(Recipe1058616467707376798285919497100103[[#This Row],[כמות במתכון]]*VLOOKUP(Recipe1058616467707376798285919497100103[[#This Row],[חומר גלם]],'חומרי גלם'!A:D,2,0)/VLOOKUP(Recipe1058616467707376798285919497100103[[#This Row],[חומר גלם]],'חומרי גלם'!A:D,3,0),2) -> 0.38
A8: תמצית וניל | B8: 10 | C8: =VLOOKUP(Recipe1058616467707376798285919497100103[[#This Row],[חומר גלם]],'חומרי גלם'!A:D,4,0) -> מיליליטר | D8: =ROUNDUP(Recipe1058616467707376798285919497100103[[#This Row],[כמות במתכון]]*VLOOKUP(Recipe1058616467707376798285919497100103[[#This Row],[חומר גלם]],'חומרי גלם'!A:D,2,0)/VLOOKUP(Recipe1058616467707376798285919497100103[[#This Row],[חומר גלם]],'חומרי גלם'!A:D,3,0),2) -> 0.98
A9: קקאו | B9: 140 | C9: =VLOOKUP(Recipe1058616467707376798285919497100103[[#This Row],[חומר גלם]],'חומרי גלם'!A:D,4,0) -> גרם | D9: =ROUNDUP(Recipe1058616467707376798285919497100103[[#This Row],[כמות במתכון]]*VLOOKUP(Recipe1058616467707376798285919497100103[[#This Row],[חומר גלם]],'חומרי גלם'!A:D,2,0)/VLOOKUP(Recipe1058616467707376798285919497100103[[#This Row],[חומר גלם]],'חומרי גלם'!A:D,3,0),2) -> 6.09
A10: כללי קטן | B10: 1 | C10: =VLOOKUP(Recipe1058616467707376798285919497100103[[#This Row],[חומר גלם]],'חומרי גלם'!A:D,4,0) -> יחידות | D10: =ROUNDUP(Recipe1058616467707376798285919497100103[[#This Row],[כמות במתכון]]*VLOOKUP(Recipe1058616467707376798285919497100103[[#This Row],[חומר גלם]],'חומרי גלם'!A:D,2,0)/VLOOKUP(Recipe1058616467707376798285919497100103[[#This Row],[חומר גלם]],'חומרי גלם'!A:D,3,0),2) -> 15

Sheet בראוניז MIRMIS
A1: מרכיבים | D1: =ROUNDUP(SUM(Recipe1058616467707376798285919497100[עלות למתכון]),2) -> 36.37 | F1: עבודה | J1: כמות | O1: אריזה | Q1: =SUM(SinglePack1260636669727578818487939699102[עלות]) -> 3.5 | T1: חזרה לתפריט
A2: חומר גלם | B2: כמות במתכון | C2: יחידת מידה | D2: עלות למתכון | F2: שעות עבודה | G2: עלות לשעת עבודה | H2: עלות עבודה | J2: כמות יחידות | K2: עלות ליחידה | O2: מוצר | P2: כמות | Q2: עלות | S2: מחיר כולל ליחדה
A3: שוקולד מריר מהדרין | B3: 150 | C3: =VLOOKUP(Recipe1058616467707376798285919497100[[#This Row],[חומר גלם]],'חומרי גלם'!A:D,4,0) -> גרם | D3: =ROUNDUP(Recipe1058616467707376798285919497100[[#This Row],[כמות במתכון]]*VLOOKUP(Recipe1058616467707376798285919497100[[#This Row],[חומר גלם]],'חומרי גלם'!A:D,2,0)/VLOOKUP(Recipe1058616467707376798285919497100[[#This Row],[חומר גלם]],'חומרי גלם'!A:D,3,0),2) -> 4.88 | F3: 0.5 | G3: 100 | H3: =Work1159626568717477808386929598101[[#This Row],[עלות לשעת עבודה]]*Work1159626568717477808386929598101[[#This Row],[שעות עבודה]] -> 50 | K3: חומרים | L3: עבודה | M3: סה"כ | O3: קריסטל לב קוטר 16 | P3: 1 | Q3: =ROUNDUP(VLOOKUP(SinglePack1260636669727578818487939699102[[#This Row],[מוצר]],אריזות!A:C,2,0)/VLOOKUP(SinglePack1260636669727578818487939699102[[#This Row],[מוצר]],אריזות!A:C,3,0)*SinglePack1260636669727578818487939699102[[#This Row],[כמות]],2) -> 3.5 | S3: =Q1+M4 -> 89.87
A4: שוקולד חלב מהדרין | B4: 100 | C4: =VLOOKUP(Recipe1058616467707376798285919497100[[#This Row],[חומר גלם]],'חומרי גלם'!A:D,4,0) -> גרם | D4: =ROUNDUP(Recipe1058616467707376798285919497100[[#This Row],[כמות במתכון]]*VLOOKUP(Recipe1058616467707376798285919497100[[#This Row],[חומר גלם]],'חומרי גלם'!A:D,2,0)/VLOOKUP(Recipe1058616467707376798285919497100[[#This Row],[חומר גלם]],'חומרי גלם'!A:D,3,0),2) -> 3.75 | J4: 1 | K4: =ROUNDUP(D1/J4,2) -> 36.37 | L4: {=ROUNDUP(Work1159626568717477808386929598101[עלות עבודה]/J4,2)} -> 50 | M4: =L4+K4 -> 86.37
A5: חמאה תנובה | B5: 170 | C5: =VLOOKUP(Recipe1058616467707376798285919497100[[#This Row],[חומר גלם]],'חומרי גלם'!A:D,4,0) -> גרם | D5: =ROUNDUP(Recipe1058616467707376798285919497100[[#This Row],[כמות במתכון]]*VLOOKUP(Recipe1058616467707376798285919497100[[#This Row],[חומר גלם]],'חומרי גלם'!A:D,2,0)/VLOOKUP(Recipe1058616467707376798285919497100[[#This Row],[חומר גלם]],'חומרי גלם'!A:D,3,0),2) -> 7.65
A6: סוכר לבן | B6: 50 | C6: =VLOOKUP(Recipe1058616467707376798285919497100[[#This Row],[חומר גלם]],'חומרי גלם'!A:D,4,0) -> גרם | D6: =ROUNDUP(Recipe1058616467707376798285919497100[[#This Row],[כמות במתכון]]*VLOOKUP(Recipe1058616467707376798285919497100[[#This Row],[חומר גלם]],'חומרי גלם'!A:D,2,0)/VLOOKUP(Recipe1058616467707376798285919497100[[#This Row],[חומר גלם]],'חומרי גלם'!A:D,3,0),2) -> 0.26
A7: קורנפלור | B7: 80 | C7: =VLOOKUP(Recipe1058616467707376798285919497100[[#This Row],[חומר גלם]],'חומרי גלם'!A:D,4,0) -> גרם | D7: =ROUNDUP(Recipe1058616467707376798285919497100[[#This Row],[כמות במתכון]]*VLOOKUP(Recipe1058616467707376798285919497100[[#This Row],[חומר גלם]],'חומרי גלם'!A:D,2,0)/VLOOKUP(Recipe1058616467707376798285919497100[[#This Row],[חומר גלם]],'חומרי גלם'!A:D,3,0),2) -> 1.11
A8: ביצים M | B8: 3 | C8: =VLOOKUP(Recipe1058616467707376798285919497100[[#This Row],[חומר גלם]],'חומרי גלם'!A:D,4,0) -> יחידות | D8: =ROUNDUP(Recipe1058616467707376798285919497100[[#This Row],[כמות במתכון]]*VLOOKUP(Recipe1058616467707376798285919497100[[#This Row],[חומר גלם]],'חומרי גלם'!A:D,2,0)/VLOOKUP(Recipe1058616467707376798285919497100[[#This Row],[חומר גלם]],'חומרי גלם'!A:D,3,0),2) -> 3.23
A9: תמצית וניל | B9: 5 | C9: =VLOOKUP(Recipe1058616467707376798285919497100[[#This Row],[חומר גלם]],'חומרי גלם'!A:D,4,0) -> מיליליטר | D9: =ROUNDUP(Recipe1058616467707376798285919497100[[#This Row],[כמות במתכון]]*VLOOKUP(Recipe1058616467707376798285919497100[[#This Row],[חומר גלם]],'חומרי גלם'!A:D,2,0)/VLOOKUP(Recipe1058616467707376798285919497100[[#This Row],[חומר גלם]],'חומרי גלם'!A:D,3,0),2) -> 0.49
A10: כללי קטן | B10: 1 | C10: =VLOOKUP(Recipe1058616467707376798285919497100[[#This Row],[חומר גלם]],'חומרי גלם'!A:D,4,0) -> יחידות | D10: =ROUNDUP(Recipe1058616467707376798285919497100[[#This Row],[כמות במתכון]]*VLOOKUP(Recipe1058616467707376798285919497100[[#This Row],[חומר גלם]],'חומרי גלם'!A:D,2,0)/VLOOKUP(Recipe1058616467707376798285919497100[[#This Row],[חומר גלם]],'חומרי גלם'!A:D,3,0),2) -> 15

Sheet מוס 24
A1: מרכיבים | D1: =ROUNDUP(SUM(Recipe1058616467707376798285919497[עלות למתכון]),2) -> 108.01 | F1: עבודה | J1: כמות | O1: אריזה | Q1: =SUM(SinglePack1260636669727578818487939699[עלות]) -> 3.5 | T1: חזרה לתפריט
A2: חומר גלם | B2: כמות במתכון | C2: יחידת מידה | D2: עלות למתכון | F2: שעות עבודה | G2: עלות לשעת עבודה | H2: עלות עבודה | J2: כמות יחידות | K2: עלות ליחידה | O2: מוצר | P2: כמות | Q2: עלות | S2: מחיר כולל ליחדה
A3: ביסקוויטים פתיבר | B3: 170 | C3: =VLOOKUP(Recipe1058616467707376798285919497[[#This Row],[חומר גלם]],'חומרי גלם'!A:D,4,0) -> גרם | D3: =ROUNDUP(Recipe1058616467707376798285919497[[#This Row],[כמות במתכון]]*VLOOKUP(Recipe1058616467707376798285919497[[#This Row],[חומר גלם]],'חומרי גלם'!A:D,2,0)/VLOOKUP(Recipe1058616467707376798285919497[[#This Row],[חומר גלם]],'חומרי גלם'!A:D,3,0),2) -> 3.91 | F3: 2 | G3: 100 | H3: =Work1159626568717477808386929598[[#This Row],[עלות לשעת עבודה]]*Work1159626568717477808386929598[[#This Row],[שעות עבודה]] -> 200 | K3: חומרים | L3: עבודה | M3: סה"כ | O3: קריסטל לב קוטר 16 | P3: 1 | Q3: =ROUNDUP(VLOOKUP(SinglePack1260636669727578818487939699[[#This Row],[מוצר]],אריזות!A:C,2,0)/VLOOKUP(SinglePack1260636669727578818487939699[[#This Row],[מוצר]],אריזות!A:C,3,0)*SinglePack1260636669727578818487939699[[#This Row],[כמות]],2) -> 3.5 | S3: =Q1+M4 -> 311.51
A4: חמאה תנובה | B4: 80 | C4: =VLOOKUP(Recipe1058616467707376798285919497[[#This Row],[חומר גלם]],'חומרי גלם'!A:D,4,0) -> גרם | D4: =ROUNDUP(Recipe1058616467707376798285919497[[#This Row],[כמות במתכון]]*VLOOKUP(Recipe1058616467707376798285919497[[#This Row],[חומר גלם]],'חומרי גלם'!A:D,2,0)/VLOOKUP(Recipe1058616467707376798285919497[[#This Row],[חומר גלם]],'חומרי גלם'!A:D,3,0),2) -> 3.6 | J4: 1 | K4: =ROUNDUP(D1/J4,2) -> 108.01 | L4: {=ROUNDUP(Work1159626568717477808386929598[עלות עבודה]/J4,2)} -> 200 | M4: =L4+K4 -> 308.01
A5: ממרח spread it | B5: 50 | C5: =VLOOKUP(Recipe1058616467707376798285919497[[#This Row],[חומר גלם]],'חומרי גלם'!A:D,4,0) -> גרם | D5: =ROUNDUP(Recipe1058616467707376798285919497[[#This Row],[כמות במתכון]]*VLOOKUP(Recipe1058616467707376798285919497[[#This Row],[חומר גלם]],'חומרי גלם'!A:D,2,0)/VLOOKUP(Recipe1058616467707376798285919497[[#This Row],[חומר גלם]],'חומרי גלם'!A:D,3,0),2) -> 3
A6: חלב רגיל 3% | B6: 75 | C6: =VLOOKUP(Recipe1058616467707376798285919497[[#This Row],[חומר גלם]],'חומרי גלם'!A:D,4,0) -> מיליליטר | D6: =ROUNDUP(Recipe1058616467707376798285919497[[#This Row],[כמות במתכון]]*VLOOKUP(Recipe1058616467707376798285919497[[#This Row],[חומר גלם]],'חומרי גלם'!A:D,2,0)/VLOOKUP(Recipe1058616467707376798285919497[[#This Row],[חומר גלם]],'חומרי גלם'!A:D,3,0),2) -> 0.52
A7: ג'לטין | B7: 5 | C7: =VLOOKUP(Recipe1058616467707376798285919497[[#This Row],[חומר גלם]],'חומרי גלם'!A:D,4,0) -> גרם | D7: =ROUNDUP(Recipe1058616467707376798285919497[[#This Row],[כמות במתכון]]*VLOOKUP(Recipe1058616467707376798285919497[[#This Row],[חומר גלם]],'חומרי גלם'!A:D,2,0)/VLOOKUP(Recipe1058616467707376798285919497[[#This Row],[חומר גלם]],'חומרי גלם'!A:D,3,0),2) -> 0.85
A8: שמנת מתוקה 38% | B8: 450 | C8: =VLOOKUP(Recipe1058616467707376798285919497[[#This Row],[חומר גלם]],'חומרי גלם'!A:D,4,0) -> גרם | D8: =ROUNDUP(Recipe1058616467707376798285919497[[#This Row],[כמות במתכון]]*VLOOKUP(Recipe1058616467707376798285919497[[#This Row],[חומר גלם]],'חומרי גלם'!A:D,2,0)/VLOOKUP(Recipe1058616467707376798285919497[[#This Row],[חומר גלם]],'חומרי גלם'!A:D,3,0),2) -> 12.73
A9: שוקולד לבן מהדרין | B9: 170 | C9: =VLOOKUP(Recipe1058616467707376798285919497[[#This Row],[חומר גלם]],'חומרי גלם'!A:D,4,0) -> גרם | D9: =ROUNDUP(Recipe1058616467707376798285919497[[#This Row],[כמות במתכון]]*VLOOKUP(Recipe1058616467707376798285919497[[#This Row],[חומר גלם]],'חומרי גלם'!A:D,2,0)/VLOOKUP(Recipe1058616467707376798285919497[[#This Row],[חומר גלם]],'חומרי גלם'!A:D,3,0),2) -> 6.38
A10: ג'לטין | B10: 4 | C10: =VLOOKUP(Recipe1058616467707376798285919497[[#This Row],[חומר גלם]],'חומרי גלם'!A:D,4,0) -> גרם | D10: =ROUNDUP(Recipe1058616467707376798285919497[[#This Row],[כמות במתכון]]*VLOOKUP(Recipe1058616467707376798285919497[[#This Row],[חומר גלם]],'חומרי גלם'!A:D,2,0)/VLOOKUP(Recipe1058616467707376798285919497[[#This Row],[חומר גלם]],'חומרי גלם'!A:D,3,0),2) -> 0.68
A11: שמנת מתוקה 38% | B11: 450 | C11: =VLOOKUP(Recipe1058616467707376798285919497[[#This Row],[חומר גלם]],'חומרי גלם'!A:D,4,0) -> גרם | D11: =ROUNDUP(Recipe1058616467707376798285919497[[#This Row],[כמות במתכון]]*VLOOKUP(Recipe1058616467707376798285919497[[#This Row],[חומר גלם]],'חומרי גלם'!A:D,2,0)/VLOOKUP(Recipe1058616467707376798285919497[[#This Row],[חומר גלם]],'חומרי גלם'!A:D,3,0),2) -> 12.73
A12: שוקולד חלב מהדרין | B12: 170 | C12: =VLOOKUP(Recipe1058616467707376798285919497[[#This Row],[חומר גלם]],'חומרי גלם'!A:D,4,0) -> גרם | D12: =ROUNDUP(Recipe1058616467707376798285919497[[#This Row],[כמות במתכון]]*VLOOKUP(Recipe1058616467707376798285919497[[#This Row],[חומר גלם]],'חומרי גלם'!A:D,2,0)/VLOOKUP(Recipe1058616467707376798285919497[[#This Row],[חומר גלם]],'חומרי גלם'!A:D,3,0),2) -> 6.38
A13: ג'לטין | B13: 3 | C13: =VLOOKUP(Recipe1058616467707376798285919497[[#This Row],[חומר גלם]],'חומרי גלם'!A:D,4,0) -> גרם | D13: =ROUNDUP(Recipe1058616467707376798285919497[[#This Row],[כמות במתכון]]*VLOOKUP(Recipe1058616467707376798285919497[[#This Row],[חומר גלם]],'חומרי גלם'!A:D,2,0)/VLOOKUP(Recipe1058616467707376798285919497[[#This Row],[חומר גלם]],'חומרי גלם'!A:D,3,0),2) -> 0.51
A14: שמנת מתוקה 38% | B14: 450 | C14: =VLOOKUP(Recipe1058616467707376798285919497[[#This Row],[חומר גלם]],'חומרי גלם'!A:D,4,0) -> גרם | D14: =ROUNDUP(Recipe1058616467707376798285919497[[#This Row],[כמות במתכון]]*VLOOKUP(Recipe1058616467707376798285919497[[#This Row],[חומר גלם]],'חומרי גלם'!A:D,2,0)/VLOOKUP(Recipe1058616467707376798285919497[[#This Row],[חומר גלם]],'חומרי גלם'!A:D,3,0),2) -> 12.73
A15: שוקולד מריר מהדרין | B15: 170 | C15: =VLOOKUP(Recipe1058616467707376798285919497[[#This Row],[חומר גלם]],'חומרי גלם'!A:D,4,0) -> גרם | D15: =ROUNDUP(Recipe1058616467707376798285919497[[#This Row],[כמות במתכון]]*VLOOKUP(Recipe1058616467707376798285919497[[#This Row],[חומר גלם]],'חומרי גלם'!A:D,2,0)/VLOOKUP(Recipe1058616467707376798285919497[[#This Row],[חומר גלם]],'חומרי גלם'!A:D,3,0),2) -> 5.53
A16: שוקולד חלב מהדרין | B16: 150 | C16: =VLOOKUP(Recipe1058616467707376798285919497[[#This Row],[חומר גלם]],'חומרי גלם'!A:D,4,0) -> גרם | D16: =ROUNDUP(Recipe1058616467707376798285919497[[#This Row],[כמות במתכון]]*VLOOKUP(Recipe1058616467707376798285919497[[#This Row],[חומר גלם]],'חומרי גלם'!A:D,2,0)/VLOOKUP(Recipe1058616467707376798285919497[[#This Row],[חומר גלם]],'חומרי גלם'!A:D,3,0),2) -> 5.63
... A18: כללי גדול | B18: 1 | C18: =VLOOKUP(Recipe1058616467707376798285919497[[#This Row],[חומר גלם]],'חומרי גלם'!A:D,4,0) -> יחידות | D18: =ROUNDUP(Recipe1058616467707376798285919497[[#This Row],[כמות במתכון]]*VLOOKUP(Recipe1058616467707376798285919497[[#This Row],[חומר גלם]],'חומרי גלם'!A:D,2,0)/VLOOKUP(Recipe1058616467707376798285919497[[#This Row],[חומר גלם]],'חומרי גלם'!A:D,3,0),2) -> 30

Sheet מוס 20
A1: מרכיבים | D1: =ROUNDUP(SUM(Recipe10586164677073767982859194[עלות למתכון]),2) -> 96.16 | F1: עבודה | J1: כמות | O1: אריזה | Q1: =SUM(SinglePack12606366697275788184879396[עלות]) -> 3.5 | T1: חזרה לתפריט
A2: חומר גלם | B2: כמות במתכון | C2: יחידת מידה | D2: עלות למתכון | F2: שעות עבודה | G2: עלות לשעת עבודה | H2: עלות עבודה | J2: כמות יחידות | K2: עלות ליחידה | O2: מוצר | P2: כמות | Q2: עלות | S2: מחיר כולל ליחדה
A3: ביסקוויטים פתיבר | B3: 130 | C3: =VLOOKUP(Recipe10586164677073767982859194[[#This Row],[חומר גלם]],'חומרי גלם'!A:D,4,0) -> גרם | D3: =ROUNDUP(Recipe10586164677073767982859194[[#This Row],[כמות במתכון]]*VLOOKUP(Recipe10586164677073767982859194[[#This Row],[חומר גלם]],'חומרי גלם'!A:D,2,0)/VLOOKUP(Recipe10586164677073767982859194[[#This Row],[חומר גלם]],'חומרי גלם'!A:D,3,0),2) -> 2.99 | F3: 2 | G3: 100 | H3: =Work11596265687174778083869295[[#This Row],[עלות לשעת עבודה]]*Work11596265687174778083869295[[#This Row],[שעות עבודה]] -> 200 | K3: חומרים | L3: עבודה | M3: סה"כ | O3: קריסטל לב קוטר 16 | P3: 1 | Q3: =ROUNDUP(VLOOKUP(SinglePack12606366697275788184879396[[#This Row],[מוצר]],אריזות!A:C,2,0)/VLOOKUP(SinglePack12606366697275788184879396[[#This Row],[מוצר]],אריזות!A:C,3,0)*SinglePack12606366697275788184879396[[#This Row],[כמות]],2) -> 3.5 | S3: =Q1+M4 -> 299.66
A4: חמאה תנובה | B4: 75 | C4: =VLOOKUP(Recipe10586164677073767982859194[[#This Row],[חומר גלם]],'חומרי גלם'!A:D,4,0) -> גרם | D4: =ROUNDUP(Recipe10586164677073767982859194[[#This Row],[כמות במתכון]]*VLOOKUP(Recipe10586164677073767982859194[[#This Row],[חומר גלם]],'חומרי גלם'!A:D,2,0)/VLOOKUP(Recipe10586164677073767982859194[[#This Row],[חומר גלם]],'חומרי גלם'!A:D,3,0),2) -> 3.38 | J4: 1 | K4: =ROUNDUP(D1/J4,2) -> 96.16 | L4: {=ROUNDUP(Work11596265687174778083869295[עלות עבודה]/J4,2)} -> 200 | M4: =L4+K4 -> 296.16
A5: ממרח spread it | B5: 40 | C5: =VLOOKUP(Recipe10586164677073767982859194[[#This Row],[חומר גלם]],'חומרי גלם'!A:D,4,0) -> גרם | D5: =ROUNDUP(Recipe10586164677073767982859194[[#This Row],[כמות במתכון]]*VLOOKUP(Recipe10586164677073767982859194[[#This Row],[חומר גלם]],'חומרי גלם'!A:D,2,0)/VLOOKUP(Recipe10586164677073767982859194[[#This Row],[חומר גלם]],'חומרי גלם'!A:D,3,0),2) -> 2.4
A6: חלב רגיל 3% | B6: 60 | C6: =VLOOKUP(Recipe10586164677073767982859194[[#This Row],[חומר גלם]],'חומרי גלם'!A:D,4,0) -> מיליליטר | D6: =ROUNDUP(Recipe10586164677073767982859194[[#This Row],[כמות במתכון]]*VLOOKUP(Recipe10586164677073767982859194[[#This Row],[חומר גלם]],'חומרי גלם'!A:D,2,0)/VLOOKUP(Recipe10586164677073767982859194[[#This Row],[חומר גלם]],'חומרי גלם'!A:D,3,0),2) -> 0.41
A7: ג'לטין | B7: 5 | C7: =VLOOKUP(Recipe10586164677073767982859194[[#This Row],[חומר גלם]],'חומרי גלם'!A:D,4,0) -> גרם | D7: =ROUNDUP(Recipe10586164677073767982859194[[#This Row],[כמות במתכון]]*VLOOKUP(Recipe10586164677073767982859194[[#This Row],[חומר גלם]],'חומרי גלם'!A:D,2,0)/VLOOKUP(Recipe10586164677073767982859194[[#This Row],[חומר גלם]],'חומרי גלם'!A:D,3,0),2) -> 0.85
A8: שמנת מתוקה 38% | B8: 450 | C8: =VLOOKUP(Recipe10586164677073767982859194[[#This Row],[חומר גלם]],'חומרי גלם'!A:D,4,0) -> גרם | D8: =ROUNDUP(Recipe10586164677073767982859194[[#This Row],[כמות במתכון]]*VLOOKUP(Recipe10586164677073767982859194[[#This Row],[חומר גלם]],'חומרי גלם'!A:D,2,0)/VLOOKUP(Recipe10586164677073767982859194[[#This Row],[חומר גלם]],'חומרי גלם'!A:D,3,0),2) -> 12.73
A9: שוקולד לבן מהדרין | B9: 170 | C9: =VLOOKUP(Recipe10586164677073767982859194[[#This Row],[חומר גלם]],'חומרי גלם'!A:D,4,0) -> גרם | D9: =ROUNDUP(Recipe10586164677073767982859194[[#This Row],[כמות במתכון]]*VLOOKUP(Recipe10586164677073767982859194[[#This Row],[חומר גלם]],'חומרי גלם'!A:D,2,0)/VLOOKUP(Recipe10586164677073767982859194[[#This Row],[חומר גלם]],'חומרי גלם'!A:D,3,0),2) -> 6.38
A10: ג'לטין | B10: 4 | C10: =VLOOKUP(Recipe10586164677073767982859194[[#This Row],[חומר גלם]],'חומרי גלם'!A:D,4,0) -> גרם | D10: =ROUNDUP(Recipe10586164677073767982859194[[#This Row],[כמות במתכון]]*VLOOKUP(Recipe10586164677073767982859194[[#This Row],[חומר גלם]],'חומרי גלם'!A:D,2,0)/VLOOKUP(Recipe10586164677073767982859194[[#This Row],[חומר גלם]],'חומרי גלם'!A:D,3,0),2) -> 0.68
A11: שמנת מתוקה 38% | B11: 450 | C11: =VLOOKUP(Recipe10586164677073767982859194[[#This Row],[חומר גלם]],'חומרי גלם'!A:D,4,0) -> גרם | D11: =ROUNDUP(Recipe10586164677073767982859194[[#This Row],[כמות במתכון]]*VLOOKUP(Recipe10586164677073767982859194[[#This Row],[חומר גלם]],'חומרי גלם'!A:D,2,0)/VLOOKUP(Recipe10586164677073767982859194[[#This Row],[חומר גלם]],'חומרי גלם'!A:D,3,0),2) -> 12.73
A12: שוקולד חלב מהדרין | B12: 170 | C12: =VLOOKUP(Recipe10586164677073767982859194[[#This Row],[חומר גלם]],'חומרי גלם'!A:D,4,0) -> גרם | D12: =ROUNDUP(Recipe10586164677073767982859194[[#This Row],[כמות במתכון]]*VLOOKUP(Recipe10586164677073767982859194[[#This Row],[חומר גלם]],'חומרי גלם'!A:D,2,0)/VLOOKUP(Recipe10586164677073767982859194[[#This Row],[חומר גלם]],'חומרי גלם'!A:D,3,0),2) -> 6.38
A13: ג'לטין | B13: 3 | C13: =VLOOKUP(Recipe10586164677073767982859194[[#This Row],[חומר גלם]],'חומרי גלם'!A:D,4,0) -> גרם | D13: =ROUNDUP(Recipe10586164677073767982859194[[#This Row],[כמות במתכון]]*VLOOKUP(Recipe10586164677073767982859194[[#This Row],[חומר גלם]],'חומרי גלם'!A:D,2,0)/VLOOKUP(Recipe10586164677073767982859194[[#This Row],[חומר גלם]],'חומרי גלם'!A:D,3,0),2) -> 0.51
A14: שמנת מתוקה 38% | B14: 450 | C14: =VLOOKUP(Recipe10586164677073767982859194[[#This Row],[חומר גלם]],'חומרי גלם'!A:D,4,0) -> גרם | D14: =ROUNDUP(Recipe10586164677073767982859194[[#This Row],[כמות במתכון]]*VLOOKUP(Recipe10586164677073767982859194[[#This Row],[חומר גלם]],'חומרי גלם'!A:D,2,0)/VLOOKUP(Recipe10586164677073767982859194[[#This Row],[חומר גלם]],'חומרי גלם'!A:D,3,0),2) -> 12.73
A15: שוקולד מריר מהדרין | B15: 170 | C15: =VLOOKUP(Recipe10586164677073767982859194[[#This Row],[חומר גלם]],'חומרי גלם'!A:D,4,0) -> גרם | D15: =ROUNDUP(Recipe10586164677073767982859194[[#This Row],[כמות במתכון]]*VLOOKUP(Recipe10586164677073767982859194[[#This Row],[חומר גלם]],'חומרי גלם'!A:D,2,0)/VLOOKUP(Recipe10586164677073767982859194[[#This Row],[חומר גלם]],'חומרי גלם'!A:D,3,0),2) -> 5.53
A16: שוקולד חלב מהדרין | B16: 150 | C16: =VLOOKUP(Recipe10586164677073767982859194[[#This Row],[חומר גלם]],'חומרי גלם'!A:D,4,0) -> גרם | D16: =ROUNDUP(Recipe10586164677073767982859194[[#This Row],[כמות במתכון]]*VLOOKUP(Recipe10586164677073767982859194[[#This Row],[חומר גלם]],'חומרי גלם'!A:D,2,0)/VLOOKUP(Recipe10586164677073767982859194[[#This Row],[חומר גלם]],'חומרי גלם'!A:D,3,0),2) -> 5.63
... A18: כללי בינוני | B18: 1 | C18: =VLOOKUP(Recipe10586164677073767982859194[[#This Row],[חומר גלם]],'חומרי גלם'!A:D,4,0) -> יחידות | D18: =ROUNDUP(Recipe10586164677073767982859194[[#This Row],[כמות במתכון]]*VLOOKUP(Recipe10586164677073767982859194[[#This Row],[חומר גלם]],'חומרי גלם'!A:D,2,0)/VLOOKUP(Recipe10586164677073767982859194[[#This Row],[חומר גלם]],'חומרי גלם'!A:D,3,0),2) -> 20

Sheet מוס 16
A1: מרכיבים | D1: =ROUNDUP(SUM(Recipe105861646770737679828591[עלות למתכון]),2) -> 89.54 | F1: עבודה | J1: כמות | O1: אריזה | Q1: =SUM(SinglePack126063666972757881848793[עלות]) -> 3.5 | T1: חזרה לתפריט
A2: חומר גלם | B2: כמות במתכון | C2: יחידת מידה | D2: עלות למתכון | F2: שעות עבודה | G2: עלות לשעת עבודה | H2: עלות עבודה | J2: כמות יחידות | K2: עלות ליחידה | O2: מוצר | P2: כמות | Q2: עלות | S2: מחיר כולל ליחדה
A3: ביסקוויטים פתיבר | B3: 90 | C3: =VLOOKUP(Recipe105861646770737679828591[[#This Row],[חומר גלם]],'חומרי גלם'!A:D,4,0) -> גרם | D3: =ROUNDUP(Recipe105861646770737679828591[[#This Row],[כמות במתכון]]*VLOOKUP(Recipe105861646770737679828591[[#This Row],[חומר גלם]],'חומרי גלם'!A:D,2,0)/VLOOKUP(Recipe105861646770737679828591[[#This Row],[חומר גלם]],'חומרי גלם'!A:D,3,0),2) -> 2.07 | F3: 2 | G3: 100 | H3: =Work115962656871747780838692[[#This Row],[עלות לשעת עבודה]]*Work115962656871747780838692[[#This Row],[שעות עבודה]] -> 200 | K3: חומרים | L3: עבודה | M3: סה"כ | O3: קריסטל לב קוטר 16 | P3: 1 | Q3: =ROUNDUP(VLOOKUP(SinglePack126063666972757881848793[[#This Row],[מוצר]],אריזות!A:C,2,0)/VLOOKUP(SinglePack126063666972757881848793[[#This Row],[מוצר]],אריזות!A:C,3,0)*SinglePack126063666972757881848793[[#This Row],[כמות]],2) -> 3.5 | S3: =Q1+M4 -> 293.04
A4: חמאה תנובה | B4: 75 | C4: =VLOOKUP(Recipe105861646770737679828591[[#This Row],[חומר גלם]],'חומרי גלם'!A:D,4,0) -> גרם | D4: =ROUNDUP(Recipe105861646770737679828591[[#This Row],[כמות במתכון]]*VLOOKUP(Recipe105861646770737679828591[[#This Row],[חומר גלם]],'חומרי גלם'!A:D,2,0)/VLOOKUP(Recipe105861646770737679828591[[#This Row],[חומר גלם]],'חומרי גלם'!A:D,3,0),2) -> 3.38 | J4: 1 | K4: =ROUNDUP(D1/J4,2) -> 89.54 | L4: {=ROUNDUP(Work115962656871747780838692[עלות עבודה]/J4,2)} -> 200 | M4: =L4+K4 -> 289.54
A5: ממרח spread it | B5: 30 | C5: =VLOOKUP(Recipe105861646770737679828591[[#This Row],[חומר גלם]],'חומרי גלם'!A:D,4,0) -> גרם | D5: =ROUNDUP(Recipe105861646770737679828591[[#This Row],[כמות במתכון]]*VLOOKUP(Recipe105861646770737679828591[[#This Row],[חומר גלם]],'חומרי גלם'!A:D,2,0)/VLOOKUP(Recipe105861646770737679828591[[#This Row],[חומר גלם]],'חומרי גלם'!A:D,3,0),2) -> 1.8
A6: חלב רגיל 3% | B6: 45 | C6: =VLOOKUP(Recipe105861646770737679828591[[#This Row],[חומר גלם]],'חומרי גלם'!A:D,4,0) -> מיליליטר | D6: =ROUNDUP(Recipe105861646770737679828591[[#This Row],[כמות במתכון]]*VLOOKUP(Recipe105861646770737679828591[[#This Row],[חומר גלם]],'חומרי גלם'!A:D,2,0)/VLOOKUP(Recipe105861646770737679828591[[#This Row],[חומר גלם]],'חומרי גלם'!A:D,3,0),2) -> 0.31
A7: ג'לטין | B7: 5 | C7: =VLOOKUP(Recipe105861646770737679828591[[#This Row],[חומר גלם]],'חומרי גלם'!A:D,4,0) -> גרם | D7: =ROUNDUP(Recipe105861646770737679828591[[#This Row],[כמות במתכון]]*VLOOKUP(Recipe105861646770737679828591[[#This Row],[חומר גלם]],'חומרי גלם'!A:D,2,0)/VLOOKUP(Recipe105861646770737679828591[[#This Row],[חומר גלם]],'חומרי גלם'!A:D,3,0),2) -> 0.85
A8: שמנת מתוקה 38% | B8: 450 | C8: =VLOOKUP(Recipe105861646770737679828591[[#This Row],[חומר גלם]],'חומרי גלם'!A:D,4,0) -> גרם | D8: =ROUNDUP(Recipe105861646770737679828591[[#This Row],[כמות במתכון]]*VLOOKUP(Recipe105861646770737679828591[[#This Row],[חומר גלם]],'חומרי גלם'!A:D,2,0)/VLOOKUP(Recipe105861646770737679828591[[#This Row],[חומר גלם]],'חומרי גלם'!A:D,3,0),2) -> 12.73
A9: שוקולד לבן מהדרין | B9: 170 | C9: =VLOOKUP(Recipe105861646770737679828591[[#This Row],[חומר גלם]],'חומרי גלם'!A:D,4,0) -> גרם | D9: =ROUNDUP(Recipe105861646770737679828591[[#This Row],[כמות במתכון]]*VLOOKUP(Recipe105861646770737679828591[[#This Row],[חומר גלם]],'חומרי גלם'!A:D,2,0)/VLOOKUP(Recipe105861646770737679828591[[#This Row],[חומר גלם]],'חומרי גלם'!A:D,3,0),2) -> 6.38
A10: ג'לטין | B10: 4 | C10: =VLOOKUP(Recipe105861646770737679828591[[#This Row],[חומר גלם]],'חומרי גלם'!A:D,4,0) -> גרם | D10: =ROUNDUP(Recipe105861646770737679828591[[#This Row],[כמות במתכון]]*VLOOKUP(Recipe105861646770737679828591[[#This Row],[חומר גלם]],'חומרי גלם'!A:D,2,0)/VLOOKUP(Recipe105861646770737679828591[[#This Row],[חומר גלם]],'חומרי גלם'!A:D,3,0),2) -> 0.68
A11: שמנת מתוקה 38% | B11: 450 | C11: =VLOOKUP(Recipe105861646770737679828591[[#This Row],[חומר גלם]],'חומרי גלם'!A:D,4,0) -> גרם | D11: =ROUNDUP(Recipe105861646770737679828591[[#This Row],[כמות במתכון]]*VLOOKUP(Recipe105861646770737679828591[[#This Row],[חומר גלם]],'חומרי גלם'!A:D,2,0)/VLOOKUP(Recipe105861646770737679828591[[#This Row],[חומר גלם]],'חומרי גלם'!A:D,3,0),2) -> 12.73
A12: שוקולד חלב מהדרין | B12: 170 | C12: =VLOOKUP(Recipe105861646770737679828591[[#This Row],[חומר גלם]],'חומרי גלם'!A:D,4,0) -> גרם | D12: =ROUNDUP(Recipe105861646770737679828591[[#This Row],[כמות במתכון]]*VLOOKUP(Recipe105861646770737679828591[[#This Row],[חומר גלם]],'חומרי גלם'!A:D,2,0)/VLOOKUP(Recipe105861646770737679828591[[#This Row],[חומר גלם]],'חומרי גלם'!A:D,3,0),2) -> 6.38
A13: ג'לטין | B13: 3 | C13: =VLOOKUP(Recipe105861646770737679828591[[#This Row],[חומר גלם]],'חומרי גלם'!A:D,4,0) -> גרם | D13: =ROUNDUP(Recipe105861646770737679828591[[#This Row],[כמות במתכון]]*VLOOKUP(Recipe105861646770737679828591[[#This Row],[חומר גלם]],'חומרי גלם'!A:D,2,0)/VLOOKUP(Recipe105861646770737679828591[[#This Row],[חומר גלם]],'חומרי גלם'!A:D,3,0),2) -> 0.51
A14: שמנת מתוקה 38% | B14: 450 | C14: =VLOOKUP(Recipe105861646770737679828591[[#This Row],[חומר גלם]],'חומרי גלם'!A:D,4,0) -> גרם | D14: =ROUNDUP(Recipe105861646770737679828591[[#This Row],[כמות במתכון]]*VLOOKUP(Recipe105861646770737679828591[[#This Row],[חומר גלם]],'חומרי גלם'!A:D,2,0)/VLOOKUP(Recipe105861646770737679828591[[#This Row],[חומר גלם]],'חומרי גלם'!A:D,3,0),2) -> 12.73
A15: שוקולד מריר מהדרין | B15: 170 | C15: =VLOOKUP(Recipe105861646770737679828591[[#This Row],[חומר גלם]],'חומרי גלם'!A:D,4,0) -> גרם | D15: =ROUNDUP(Recipe105861646770737679828591[[#This Row],[כמות במתכון]]*VLOOKUP(Recipe105861646770737679828591[[#This Row],[חומר גלם]],'חומרי גלם'!A:D,2,0)/VLOOKUP(Recipe105861646770737679828591[[#This Row],[חומר גלם]],'חומרי גלם'!A:D,3,0),2) -> 5.53
A16: שוקולד חלב מהדרין | B16: 150 | C16: =VLOOKUP(Recipe105861646770737679828591[[#This Row],[חומר גלם]],'חומרי גלם'!A:D,4,0) -> גרם | D16: =ROUNDUP(Recipe105861646770737679828591[[#This Row],[כמות במתכון]]*VLOOKUP(Recipe105861646770737679828591[[#This Row],[חומר גלם]],'חומרי גלם'!A:D,2,0)/VLOOKUP(Recipe105861646770737679828591[[#This Row],[חומר גלם]],'חומרי גלם'!A:D,3,0),2) -> 5.63
... A18: כללי קטן | B18: 1 | C18: =VLOOKUP(Recipe105861646770737679828591[[#This Row],[חומר גלם]],'חומרי גלם'!A:D,4,0) -> יחידות | D18: =ROUNDUP(Recipe105861646770737679828591[[#This Row],[כמות במתכון]]*VLOOKUP(Recipe105861646770737679828591[[#This Row],[חומר גלם]],'חומרי גלם'!A:D,2,0)/VLOOKUP(Recipe105861646770737679828591[[#This Row],[חומר גלם]],'חומרי גלם'!A:D,3,0),2) -> 15

Sheet מיני דונאטס (עדי כהן)
A1: מרכיבים | D1: =ROUNDUP(SUM(Recipe1058616467707376798285[עלות למתכון]),2) -> 29.39 | F1: עבודה | J1: כמות | O1: אריזה | Q1: =SUM(SinglePack1260636669727578818487[עלות]) -> 3.5 | T1: חזרה לתפריט
A2: חומר גלם | B2: כמות במתכון | C2: יחידת מידה | D2: עלות למתכון | F2: שעות עבודה | G2: עלות לשעת עבודה | H2: עלות עבודה | J2: כמות יחידות | K2: עלות ליחידה | O2: מוצר | P2: כמות | Q2: עלות | S2: מחיר כולל ליחדה
A3: קמח לבן מנופה | B3: 130 | C3: =VLOOKUP(Recipe1058616467707376798285[[#This Row],[חומר גלם]],'חומרי גלם'!A:D,4,0) -> גרם | D3: =ROUNDUP(Recipe1058616467707376798285[[#This Row],[כמות במתכון]]*VLOOKUP(Recipe1058616467707376798285[[#This Row],[חומר גלם]],'חומרי גלם'!A:D,2,0)/VLOOKUP(Recipe1058616467707376798285[[#This Row],[חומר גלם]],'חומרי גלם'!A:D,3,0),2) -> 1.12 | F3: 1 | G3: 100 | H3: =Work1159626568717477808386[[#This Row],[עלות לשעת עבודה]]*Work1159626568717477808386[[#This Row],[שעות עבודה]] -> 100 | K3: חומרים | L3: עבודה | M3: סה"כ | O3: קריסטל לב קוטר 16 | P3: 1 | Q3: =ROUNDUP(VLOOKUP(SinglePack1260636669727578818487[[#This Row],[מוצר]],אריזות!A:C,2,0)/VLOOKUP(SinglePack1260636669727578818487[[#This Row],[מוצר]],אריזות!A:C,3,0)*SinglePack1260636669727578818487[[#This Row],[כמות]],2) -> 3.5 | S3: =Q1+M4 -> 8.3
A4: אבקת אפייה | B4: 4.5 | C4: =VLOOKUP(Recipe1058616467707376798285[[#This Row],[חומר גלם]],'חומרי גלם'!A:D,4,0) -> גרם | D4: =ROUNDUP(Recipe1058616467707376798285[[#This Row],[כמות במתכון]]*VLOOKUP(Recipe1058616467707376798285[[#This Row],[חומר גלם]],'חומרי גלם'!A:D,2,0)/VLOOKUP(Recipe1058616467707376798285[[#This Row],[חומר גלם]],'חומרי גלם'!A:D,3,0),2) -> 0.09 | J4: 27 | K4: =ROUNDUP(D1/J4,2) -> 1.09 | L4: {=ROUNDUP(Work1159626568717477808386[עלות עבודה]/J4,2)} -> 3.71 | M4: =L4+K4 -> 4.8
A5: סוכר לבן | B5: 110 | C5: =VLOOKUP(Recipe1058616467707376798285[[#This Row],[חומר גלם]],'חומרי גלם'!A:D,4,0) -> גרם | D5: =ROUNDUP(Recipe1058616467707376798285[[#This Row],[כמות במתכון]]*VLOOKUP(Recipe1058616467707376798285[[#This Row],[חומר גלם]],'חומרי גלם'!A:D,2,0)/VLOOKUP(Recipe1058616467707376798285[[#This Row],[חומר גלם]],'חומרי גלם'!A:D,3,0),2) -> 0.58
A6: ביצים L | B6: 1 | C6: =VLOOKUP(Recipe1058616467707376798285[[#This Row],[חומר גלם]],'חומרי גלם'!A:D,4,0) -> יחידות | D6: =ROUNDUP(Recipe1058616467707376798285[[#This Row],[כמות במתכון]]*VLOOKUP(Recipe1058616467707376798285[[#This Row],[חומר גלם]],'חומרי גלם'!A:D,2,0)/VLOOKUP(Recipe1058616467707376798285[[#This Row],[חומר גלם]],'חומרי גלם'!A:D,3,0),2) -> 1.17
A7: חלב רגיל 3% | B7: 160 | C7: =VLOOKUP(Recipe1058616467707376798285[[#This Row],[חומר גלם]],'חומרי גלם'!A:D,4,0) -> מיליליטר | D7: =ROUNDUP(Recipe1058616467707376798285[[#This Row],[כמות במתכון]]*VLOOKUP(Recipe1058616467707376798285[[#This Row],[חומר גלם]],'חומרי גלם'!A:D,2,0)/VLOOKUP(Recipe1058616467707376798285[[#This Row],[חומר גלם]],'חומרי גלם'!A:D,3,0),2) -> 1.09
A8: שמן | B8: 50 | C8: =VLOOKUP(Recipe1058616467707376798285[[#This Row],[חומר גלם]],'חומרי גלם'!A:D,4,0) -> מיליליטר | D8: =ROUNDUP(Recipe1058616467707376798285[[#This Row],[כמות במתכון]]*VLOOKUP(Recipe1058616467707376798285[[#This Row],[חומר גלם]],'חומרי גלם'!A:D,2,0)/VLOOKUP(Recipe1058616467707376798285[[#This Row],[חומר גלם]],'חומרי גלם'!A:D,3,0),2) -> 0.75
A9: שוקולד חלב מהדרין | B9: 200 | C9: =VLOOKUP(Recipe1058616467707376798285[[#This Row],[חומר גלם]],'חומרי גלם'!A:D,4,0) -> גרם | D9: =ROUNDUP(Recipe1058616467707376798285[[#This Row],[כמות במתכון]]*VLOOKUP(Recipe1058616467707376798285[[#This Row],[חומר גלם]],'חומרי גלם'!A:D,2,0)/VLOOKUP(Recipe1058616467707376798285[[#This Row],[חומר גלם]],'חומרי גלם'!A:D,3,0),2) -> 7.5
A10: חמאת קקאו | B10: 20 | C10: =VLOOKUP(Recipe1058616467707376798285[[#This Row],[חומר גלם]],'חומרי גלם'!A:D,4,0) -> גרם | D10: =ROUNDUP(Recipe1058616467707376798285[[#This Row],[כמות במתכון]]*VLOOKUP(Recipe1058616467707376798285[[#This Row],[חומר גלם]],'חומרי גלם'!A:D,2,0)/VLOOKUP(Recipe1058616467707376798285[[#This Row],[חומר גלם]],'חומרי גלם'!A:D,3,0),2) -> 2.09
A11: כללי קטן | B11: 1 | C11: =VLOOKUP(Recipe1058616467707376798285[[#This Row],[חומר גלם]],'חומרי גלם'!A:D,4,0) -> יחידות | D11: =ROUNDUP(Recipe1058616467707376798285[[#This Row],[כמות במתכון]]*VLOOKUP(Recipe1058616467707376798285[[#This Row],[חומר גלם]],'חומרי גלם'!A:D,2,0)/VLOOKUP(Recipe1058616467707376798285[[#This Row],[חומר גלם]],'חומרי גלם'!A:D,3,0),2) -> 15

Sheet מגולגלות קינדר
A1: מרכיבים | D1: =ROUNDUP(SUM(Recipe105861646770737679828588[עלות למתכון]),2) -> 58.84 | F1: עבודה | J1: כמות | O1: אריזה | Q1: =SUM(SinglePack126063666972757881848790[עלות]) -> 3.5 | T1: חזרה לתפריט
A2: חומר גלם | B2: כמות במתכון | C2: יחידת מידה | D2: עלות למתכון | F2: שעות עבודה | G2: עלות לשעת עבודה | H2: עלות עבודה | J2: כמות יחידות | K2: עלות ליחידה | O2: מוצר | P2: כמות | Q2: עלות | S2: מחיר כולל ליחדה
A3: קמח לבן מנופה | B3: 500 | C3: =VLOOKUP(Recipe105861646770737679828588[[#This Row],[חומר גלם]],'חומרי גלם'!A:D,4,0) -> גרם | D3: =ROUNDUP(Recipe105861646770737679828588[[#This Row],[כמות במתכון]]*VLOOKUP(Recipe105861646770737679828588[[#This Row],[חומר גלם]],'חומרי גלם'!A:D,2,0)/VLOOKUP(Recipe105861646770737679828588[[#This Row],[חומר גלם]],'חומרי גלם'!A:D,3,0),2) -> 4.3 | F3: 1 | G3: 100 | H3: =Work115962656871747780838689[[#This Row],[עלות לשעת עבודה]]*Work115962656871747780838689[[#This Row],[שעות עבודה]] -> 100 | K3: חומרים | L3: עבודה | M3: סה"כ | O3: קריסטל לב קוטר 16 | P3: 1 | Q3: =ROUNDUP(VLOOKUP(SinglePack126063666972757881848790[[#This Row],[מוצר]],אריזות!A:C,2,0)/VLOOKUP(SinglePack126063666972757881848790[[#This Row],[מוצר]],אריזות!A:C,3,0)*SinglePack126063666972757881848790[[#This Row],[כמות]],2) -> 3.5 | S3: =Q1+M4 -> 43.21
A4: קקאו | B4: 55 | C4: =VLOOKUP(Recipe105861646770737679828588[[#This Row],[חומר גלם]],'חומרי גלם'!A:D,4,0) -> גרם | D4: =ROUNDUP(Recipe105861646770737679828588[[#This Row],[כמות במתכון]]*VLOOKUP(Recipe105861646770737679828588[[#This Row],[חומר גלם]],'חומרי גלם'!A:D,2,0)/VLOOKUP(Recipe105861646770737679828588[[#This Row],[חומר גלם]],'חומרי גלם'!A:D,3,0),2) -> 2.39 | J4: 4 | K4: =ROUNDUP(D1/J4,2) -> 14.71 | L4: {=ROUNDUP(Work115962656871747780838689[עלות עבודה]/J4,2)} -> 25 | M4: =L4+K4 -> 39.71
A5: אבקת סוכר | B5: 80 | C5: =VLOOKUP(Recipe105861646770737679828588[[#This Row],[חומר גלם]],'חומרי גלם'!A:D,4,0) -> גרם | D5: =ROUNDUP(Recipe105861646770737679828588[[#This Row],[כמות במתכון]]*VLOOKUP(Recipe105861646770737679828588[[#This Row],[חומר גלם]],'חומרי גלם'!A:D,2,0)/VLOOKUP(Recipe105861646770737679828588[[#This Row],[חומר גלם]],'חומרי גלם'!A:D,3,0),2) -> 0.8
A6: אבקת אפייה | B6: 8 | C6: =VLOOKUP(Recipe105861646770737679828588[[#This Row],[חומר גלם]],'חומרי גלם'!A:D,4,0) -> גרם | D6: =ROUNDUP(Recipe105861646770737679828588[[#This Row],[כמות במתכון]]*VLOOKUP(Recipe105861646770737679828588[[#This Row],[חומר גלם]],'חומרי גלם'!A:D,2,0)/VLOOKUP(Recipe105861646770737679828588[[#This Row],[חומר גלם]],'חומרי גלם'!A:D,3,0),2) -> 0.16
A7: חמאה תנובה | B7: 300 | C7: =VLOOKUP(Recipe105861646770737679828588[[#This Row],[חומר גלם]],'חומרי גלם'!A:D,4,0) -> גרם | D7: =ROUNDUP(Recipe105861646770737679828588[[#This Row],[כמות במתכון]]*VLOOKUP(Recipe105861646770737679828588[[#This Row],[חומר גלם]],'חומרי גלם'!A:D,2,0)/VLOOKUP(Recipe105861646770737679828588[[#This Row],[חומר גלם]],'חומרי גלם'!A:D,3,0),2) -> 13.5
A8: ביצים M | B8: 2 | C8: =VLOOKUP(Recipe105861646770737679828588[[#This Row],[חומר גלם]],'חומרי גלם'!A:D,4,0) -> יחידות | D8: =ROUNDUP(Recipe105861646770737679828588[[#This Row],[כמות במתכון]]*VLOOKUP(Recipe105861646770737679828588[[#This Row],[חומר גלם]],'חומרי גלם'!A:D,2,0)/VLOOKUP(Recipe105861646770737679828588[[#This Row],[חומר גלם]],'חומרי גלם'!A:D,3,0),2) -> 2.15
A9: חלב רגיל 3% | B9: 55 | C9: =VLOOKUP(Recipe105861646770737679828588[[#This Row],[חומר גלם]],'חומרי גלם'!A:D,4,0) -> מיליליטר | D9: =ROUNDUP(Recipe105861646770737679828588[[#This Row],[כמות במתכון]]*VLOOKUP(Recipe105861646770737679828588[[#This Row],[חומר גלם]],'חומרי גלם'!A:D,2,0)/VLOOKUP(Recipe105861646770737679828588[[#This Row],[חומר גלם]],'חומרי גלם'!A:D,3,0),2) -> 0.38
A10: ממרח קינדר(סופר) | B10: 300 | C10: =VLOOKUP(Recipe105861646770737679828588[[#This Row],[חומר גלם]],'חומרי גלם'!A:D,4,0) -> גרם | D10: =ROUNDUP(Recipe105861646770737679828588[[#This Row],[כמות במתכון]]*VLOOKUP(Recipe105861646770737679828588[[#This Row],[חומר גלם]],'חומרי גלם'!A:D,2,0)/VLOOKUP(Recipe105861646770737679828588[[#This Row],[חומר גלם]],'חומרי גלם'!A:D,3,0),2) -> 16.9
A11: אצבעות קינדר | B11: 3.5 | C11: =VLOOKUP(Recipe105861646770737679828588[[#This Row],[חומר גלם]],'חומרי גלם'!A:D,4,0) -> יחידות | D11: =ROUNDUP(Recipe105861646770737679828588[[#This Row],[כמות במתכון]]*VLOOKUP(Recipe105861646770737679828588[[#This Row],[חומר גלם]],'חומרי גלם'!A:D,2,0)/VLOOKUP(Recipe105861646770737679828588[[#This Row],[חומר גלם]],'חומרי גלם'!A:D,3,0),2) -> 3.26
A12: כללי קטן | B12: 1 | C12: =VLOOKUP(Recipe105861646770737679828588[[#This Row],[חומר גלם]],'חומרי גלם'!A:D,4,0) -> יחידות | D12: =ROUNDUP(Recipe105861646770737679828588[[#This Row],[כמות במתכון]]*VLOOKUP(Recipe105861646770737679828588[[#This Row],[חומר גלם]],'חומרי גלם'!A:D,2,0)/VLOOKUP(Recipe105861646770737679828588[[#This Row],[חומר גלם]],'חומרי גלם'!A:D,3,0),2) -> 15

Sheet מתכון מגנום בסיסי
A1: מרכיבים | D1: =ROUNDUP(SUM(Recipe10586164677073767982[עלות למתכון]),2) -> 47.13 | F1: עבודה | J1: כמות | O1: אריזה | Q1: =SUM(SinglePack12606366697275788184[עלות]) -> 3.5 | T1: חזרה לתפריט
A2: חומר גלם | B2: כמות במתכון | C2: יחידת מידה | D2: עלות למתכון | F2: שעות עבודה | G2: עלות לשעת עבודה | H2: עלות עבודה | J2: כמות יחידות | K2: עלות ליחידה | O2: מוצר | P2: כמות | Q2: עלות | S2: מחיר כולל ליחדה
A3: שמנת מתוקה 38% | B3: 250 | C3: =VLOOKUP(Recipe10586164677073767982[[#This Row],[חומר גלם]],'חומרי גלם'!A:D,4,0) -> גרם | D3: =ROUNDUP(Recipe10586164677073767982[[#This Row],[כמות במתכון]]*VLOOKUP(Recipe10586164677073767982[[#This Row],[חומר גלם]],'חומרי גלם'!A:D,2,0)/VLOOKUP(Recipe10586164677073767982[[#This Row],[חומר גלם]],'חומרי גלם'!A:D,3,0),2) -> 7.07 | F3: 1 | G3: 100 | H3: =Work11596265687174778083[[#This Row],[עלות לשעת עבודה]]*Work11596265687174778083[[#This Row],[שעות עבודה]] -> 100 | K3: חומרים | L3: עבודה | M3: סה"כ | O3: קריסטל לב קוטר 16 | P3: 1 | Q3: =ROUNDUP(VLOOKUP(SinglePack12606366697275788184[[#This Row],[מוצר]],אריזות!A:C,2,0)/VLOOKUP(SinglePack12606366697275788184[[#This Row],[מוצר]],אריזות!A:C,3,0)*SinglePack12606366697275788184[[#This Row],[כמות]],2) -> 3.5 | S3: =Q1+M4 -> 12.7
A4: חלב מרוכז | B4: 200 | C4: =VLOOKUP(Recipe10586164677073767982[[#This Row],[חומר גלם]],'חומרי גלם'!A:D,4,0) -> מיליליטר | D4: =ROUNDUP(Recipe10586164677073767982[[#This Row],[כמות במתכון]]*VLOOKUP(Recipe10586164677073767982[[#This Row],[חומר גלם]],'חומרי גלם'!A:D,2,0)/VLOOKUP(Recipe10586164677073767982[[#This Row],[חומר גלם]],'חומרי גלם'!A:D,3,0),2) -> 4.99 | J4: 16 | K4: =ROUNDUP(D1/J4,2) -> 2.95 | L4: {=ROUNDUP(Work11596265687174778083[עלות עבודה]/J4,2)} -> 6.25 | M4: =L4+K4 -> 9.2
A5: ג'לטין | B5: 2 | C5: =VLOOKUP(Recipe10586164677073767982[[#This Row],[חומר גלם]],'חומרי גלם'!A:D,4,0) -> גרם | D5: =ROUNDUP(Recipe10586164677073767982[[#This Row],[כמות במתכון]]*VLOOKUP(Recipe10586164677073767982[[#This Row],[חומר גלם]],'חומרי גלם'!A:D,2,0)/VLOOKUP(Recipe10586164677073767982[[#This Row],[חומר גלם]],'חומרי גלם'!A:D,3,0),2) -> 0.34
A6: ממרח spread it | B6: 30 | C6: =VLOOKUP(Recipe10586164677073767982[[#This Row],[חומר גלם]],'חומרי גלם'!A:D,4,0) -> גרם | D6: =ROUNDUP(Recipe10586164677073767982[[#This Row],[כמות במתכון]]*VLOOKUP(Recipe10586164677073767982[[#This Row],[חומר גלם]],'חומרי גלם'!A:D,2,0)/VLOOKUP(Recipe10586164677073767982[[#This Row],[חומר גלם]],'חומרי גלם'!A:D,3,0),2) -> 1.8
A7: שוקולד חלב מהדרין | B7: 300 | C7: =VLOOKUP(Recipe10586164677073767982[[#This Row],[חומר גלם]],'חומרי גלם'!A:D,4,0) -> גרם | D7: =ROUNDUP(Recipe10586164677073767982[[#This Row],[כמות במתכון]]*VLOOKUP(Recipe10586164677073767982[[#This Row],[חומר גלם]],'חומרי גלם'!A:D,2,0)/VLOOKUP(Recipe10586164677073767982[[#This Row],[חומר גלם]],'חומרי גלם'!A:D,3,0),2) -> 11.25
A8: חמאת קקאו | B8: 30 | C8: =VLOOKUP(Recipe10586164677073767982[[#This Row],[חומר גלם]],'חומרי גלם'!A:D,4,0) -> גרם | D8: =ROUNDUP(Recipe10586164677073767982[[#This Row],[כמות במתכון]]*VLOOKUP(Recipe10586164677073767982[[#This Row],[חומר גלם]],'חומרי גלם'!A:D,2,0)/VLOOKUP(Recipe10586164677073767982[[#This Row],[חומר גלם]],'חומרי גלם'!A:D,3,0),2) -> 3.14
A9: צבע מאכל קולור מיל | B9: 0.1 | C9: =VLOOKUP(Recipe10586164677073767982[[#This Row],[חומר גלם]],'חומרי גלם'!A:D,4,0) -> יחידות | D9: =ROUNDUP(Recipe10586164677073767982[[#This Row],[כמות במתכון]]*VLOOKUP(Recipe10586164677073767982[[#This Row],[חומר גלם]],'חומרי גלם'!A:D,2,0)/VLOOKUP(Recipe10586164677073767982[[#This Row],[חומר גלם]],'חומרי גלם'!A:D,3,0),2) -> 3.5
A10: סוכריות ארוכות בצבעים | B10: 0.5 | C10: =VLOOKUP(Recipe10586164677073767982[[#This Row],[חומר גלם]],'חומרי גלם'!A:D,4,0) -> גרם | D10: =ROUNDUP(Recipe10586164677073767982[[#This Row],[כמות במתכון]]*VLOOKUP(Recipe10586164677073767982[[#This Row],[חומר גלם]],'חומרי גלם'!A:D,2,0)/VLOOKUP(Recipe10586164677073767982[[#This Row],[חומר גלם]],'חומרי גלם'!A:D,3,0),2) -> 0.04
A11: כללי קטן | B11: 1 | C11: =VLOOKUP(Recipe10586164677073767982[[#This Row],[חומר גלם]],'חומרי גלם'!A:D,4,0) -> יחידות | D11: =ROUNDUP(Recipe10586164677073767982[[#This Row],[כמות במתכון]]*VLOOKUP(Recipe10586164677073767982[[#This Row],[חומר גלם]],'חומרי גלם'!A:D,2,0)/VLOOKUP(Recipe10586164677073767982[[#This Row],[חומר גלם]],'חומרי גלם'!A:D,3,0),2) -> 15

Sheet צנצנות מוס אישי
A1: מרכיבים | D1: =ROUNDUP(SUM(Recipe105861646770737679[עלות למתכון]),2) -> 69.21 | F1: עבודה | J1: כמות | O1: אריזה | Q1: =SUM(SinglePack126063666972757881[עלות]) -> 3.5 | T1: חזרה לתפריט
A2: חומר גלם | B2: כמות במתכון | C2: יחידת מידה | D2: עלות למתכון | F2: שעות עבודה | G2: עלות לשעת עבודה | H2: עלות עבודה | J2: כמות יחידות | K2: עלות ליחידה | O2: מוצר | P2: כמות | Q2: עלות | S2: מחיר כולל ליחדה
A3: ג'לטין | B3: 4 | C3: =VLOOKUP(Recipe105861646770737679[[#This Row],[חומר גלם]],'חומרי גלם'!A:D,4,0) -> גרם | D3: =ROUNDUP(Recipe105861646770737679[[#This Row],[כמות במתכון]]*VLOOKUP(Recipe105861646770737679[[#This Row],[חומר גלם]],'חומרי גלם'!A:D,2,0)/VLOOKUP(Recipe105861646770737679[[#This Row],[חומר גלם]],'חומרי גלם'!A:D,3,0),2) -> 0.68 | F3: 1 | G3: 100 | H3: =Work115962656871747780[[#This Row],[עלות לשעת עבודה]]*Work115962656871747780[[#This Row],[שעות עבודה]] -> 100 | K3: חומרים | L3: עבודה | M3: סה"כ | O3: קריסטל לב קוטר 16 | P3: 1 | Q3: =ROUNDUP(VLOOKUP(SinglePack126063666972757881[[#This Row],[מוצר]],אריזות!A:C,2,0)/VLOOKUP(SinglePack126063666972757881[[#This Row],[מוצר]],אריזות!A:C,3,0)*SinglePack126063666972757881[[#This Row],[כמות]],2) -> 3.5 | S3: =Q1+M4 -> 31.71
A4: שוקולד לבן מהדרין | B4: 300 | C4: =VLOOKUP(Recipe105861646770737679[[#This Row],[חומר גלם]],'חומרי גלם'!A:D,4,0) -> גרם | D4: =ROUNDUP(Recipe105861646770737679[[#This Row],[כמות במתכון]]*VLOOKUP(Recipe105861646770737679[[#This Row],[חומר גלם]],'חומרי גלם'!A:D,2,0)/VLOOKUP(Recipe105861646770737679[[#This Row],[חומר גלם]],'חומרי גלם'!A:D,3,0),2) -> 11.25 | J4: 6 | K4: =ROUNDUP(D1/J4,2) -> 11.54 | L4: {=ROUNDUP(Work115962656871747780[עלות עבודה]/J4,2)} -> 16.67 | M4: =L4+K4 -> 28.21
A5: שמנת מתוקה 38% | B5: 750 | C5: =VLOOKUP(Recipe105861646770737679[[#This Row],[חומר גלם]],'חומרי גלם'!A:D,4,0) -> גרם | D5: =ROUNDUP(Recipe105861646770737679[[#This Row],[כמות במתכון]]*VLOOKUP(Recipe105861646770737679[[#This Row],[חומר גלם]],'חומרי גלם'!A:D,2,0)/VLOOKUP(Recipe105861646770737679[[#This Row],[חומר גלם]],'חומרי גלם'!A:D,3,0),2) -> 21.21
A6: היפו קינדר | B6: 1 | C6: =VLOOKUP(Recipe105861646770737679[[#This Row],[חומר גלם]],'חומרי גלם'!A:D,4,0) -> יחידות | D6: =ROUNDUP(Recipe105861646770737679[[#This Row],[כמות במתכון]]*VLOOKUP(Recipe105861646770737679[[#This Row],[חומר גלם]],'חומרי גלם'!A:D,2,0)/VLOOKUP(Recipe105861646770737679[[#This Row],[חומר גלם]],'חומרי גלם'!A:D,3,0),2) -> 2.8
A7: שוקולד לבן מהדרין | B7: 200 | C7: =VLOOKUP(Recipe105861646770737679[[#This Row],[חומר גלם]],'חומרי גלם'!A:D,4,0) -> גרם | D7: =ROUNDUP(Recipe105861646770737679[[#This Row],[כמות במתכון]]*VLOOKUP(Recipe105861646770737679[[#This Row],[חומר גלם]],'חומרי גלם'!A:D,2,0)/VLOOKUP(Recipe105861646770737679[[#This Row],[חומר גלם]],'חומרי גלם'!A:D,3,0),2) -> 7.5
A8: שמנת מתוקה 38% | B8: 80 | C8: =VLOOKUP(Recipe105861646770737679[[#This Row],[חומר גלם]],'חומרי גלם'!A:D,4,0) -> גרם | D8: =ROUNDUP(Recipe105861646770737679[[#This Row],[כמות במתכון]]*VLOOKUP(Recipe105861646770737679[[#This Row],[חומר גלם]],'חומרי גלם'!A:D,2,0)/VLOOKUP(Recipe105861646770737679[[#This Row],[חומר גלם]],'חומרי גלם'!A:D,3,0),2) -> 2.27
A9: צבע מאכל קולור מיל | B9: 0.1 | C9: =VLOOKUP(Recipe105861646770737679[[#This Row],[חומר גלם]],'חומרי גלם'!A:D,4,0) -> יחידות | D9: =ROUNDUP(Recipe105861646770737679[[#This Row],[כמות במתכון]]*VLOOKUP(Recipe105861646770737679[[#This Row],[חומר גלם]],'חומרי גלם'!A:D,2,0)/VLOOKUP(Recipe105861646770737679[[#This Row],[חומר גלם]],'חומרי גלם'!A:D,3,0),2) -> 3.5
A10: כללי בינוני | B10: 1 | C10: =VLOOKUP(Recipe105861646770737679[[#This Row],[חומר גלם]],'חומרי גלם'!A:D,4,0) -> יחידות | D10: =ROUNDUP(Recipe105861646770737679[[#This Row],[כמות במתכון]]*VLOOKUP(Recipe105861646770737679[[#This Row],[חומר גלם]],'חומרי גלם'!A:D,2,0)/VLOOKUP(Recipe105861646770737679[[#This Row],[חומר גלם]],'חומרי גלם'!A:D,3,0),2) -> 20

Sheet עוגת מוס קינדר 16
A1: מרכיבים | D1: =ROUNDUP(SUM(Recipe1058616467707376[עלות למתכון]),2) -> 77.58 | F1: עבודה | J1: כמות | O1: אריזה | Q1: =SUM(SinglePack1260636669727578[עלות]) -> 5 | T1: חזרה לתפריט
A2: חומר גלם | B2: כמות במתכון | C2: יחידת מידה | D2: עלות למתכון | F2: שעות עבודה | G2: עלות לשעת עבודה | H2: עלות עבודה | J2: כמות יחידות | K2: עלות ליחידה | O2: מוצר | P2: כמות | Q2: עלות | S2: מחיר כולל ליחדה
A3: שוקולד חלב מהדרין | B3: 80 | C3: =VLOOKUP(Recipe1058616467707376[[#This Row],[חומר גלם]],'חומרי גלם'!A:D,4,0) -> גרם | D3: =ROUNDUP(Recipe1058616467707376[[#This Row],[כמות במתכון]]*VLOOKUP(Recipe1058616467707376[[#This Row],[חומר גלם]],'חומרי גלם'!A:D,2,0)/VLOOKUP(Recipe1058616467707376[[#This Row],[חומר גלם]],'חומרי גלם'!A:D,3,0),2) -> 3 | F3: 2 | G3: 100 | H3: =Work1159626568717477[[#This Row],[עלות לשעת עבודה]]*Work1159626568717477[[#This Row],[שעות עבודה]] -> 200 | K3: חומרים | L3: עבודה | M3: סה"כ | O3: מארז 20/20/5 | P3: 1 | Q3: =ROUNDUP(VLOOKUP(SinglePack1260636669727578[[#This Row],[מוצר]],אריזות!A:C,2,0)/VLOOKUP(SinglePack1260636669727578[[#This Row],[מוצר]],אריזות!A:C,3,0)*SinglePack1260636669727578[[#This Row],[כמות]],2) -> 5 | S3: =Q1+M4 -> 282.58
A4: ממרח spread it | B4: 30 | C4: =VLOOKUP(Recipe1058616467707376[[#This Row],[חומר גלם]],'חומרי גלם'!A:D,4,0) -> גרם | D4: =ROUNDUP(Recipe1058616467707376[[#This Row],[כמות במתכון]]*VLOOKUP(Recipe1058616467707376[[#This Row],[חומר גלם]],'חומרי גלם'!A:D,2,0)/VLOOKUP(Recipe1058616467707376[[#This Row],[חומר גלם]],'חומרי גלם'!A:D,3,0),2) -> 1.8 | J4: 1 | K4: =ROUNDUP(D1/J4,2) -> 77.58 | L4: {=ROUNDUP(Work1159626568717477[עלות עבודה]/J4,2)} -> 200 | M4: =L4+K4 -> 277.58
A5: חמאת קקאו | B5: 6 | C5: =VLOOKUP(Recipe1058616467707376[[#This Row],[חומר גלם]],'חומרי גלם'!A:D,4,0) -> גרם | D5: =ROUNDUP(Recipe1058616467707376[[#This Row],[כמות במתכון]]*VLOOKUP(Recipe1058616467707376[[#This Row],[חומר גלם]],'חומרי גלם'!A:D,2,0)/VLOOKUP(Recipe1058616467707376[[#This Row],[חומר גלם]],'חומרי גלם'!A:D,3,0),2) -> 0.63
A6: קורנפלקס אלופים | B6: 15 | C6: =VLOOKUP(Recipe1058616467707376[[#This Row],[חומר גלם]],'חומרי גלם'!A:D,4,0) -> גרם | D6: =ROUNDUP(Recipe1058616467707376[[#This Row],[כמות במתכון]]*VLOOKUP(Recipe1058616467707376[[#This Row],[חומר גלם]],'חומרי גלם'!A:D,2,0)/VLOOKUP(Recipe1058616467707376[[#This Row],[חומר גלם]],'חומרי גלם'!A:D,3,0),2) -> 0.36
A7: ג'לטין | B7: 11 | C7: =VLOOKUP(Recipe1058616467707376[[#This Row],[חומר גלם]],'חומרי גלם'!A:D,4,0) -> גרם | D7: =ROUNDUP(Recipe1058616467707376[[#This Row],[כמות במתכון]]*VLOOKUP(Recipe1058616467707376[[#This Row],[חומר גלם]],'חומרי גלם'!A:D,2,0)/VLOOKUP(Recipe1058616467707376[[#This Row],[חומר גלם]],'חומרי גלם'!A:D,3,0),2) -> 1.87
A8: שוקולד לבן מהדרין | B8: 390 | C8: =VLOOKUP(Recipe1058616467707376[[#This Row],[חומר גלם]],'חומרי גלם'!A:D,4,0) -> גרם | D8: =ROUNDUP(Recipe1058616467707376[[#This Row],[כמות במתכון]]*VLOOKUP(Recipe1058616467707376[[#This Row],[חומר גלם]],'חומרי גלם'!A:D,2,0)/VLOOKUP(Recipe1058616467707376[[#This Row],[חומר גלם]],'חומרי גלם'!A:D,3,0),2) -> 14.63
A9: ממרח spread it | B9: 170 | C9: =VLOOKUP(Recipe1058616467707376[[#This Row],[חומר גלם]],'חומרי גלם'!A:D,4,0) -> גרם | D9: =ROUNDUP(Recipe1058616467707376[[#This Row],[כמות במתכון]]*VLOOKUP(Recipe1058616467707376[[#This Row],[חומר גלם]],'חומרי גלם'!A:D,2,0)/VLOOKUP(Recipe1058616467707376[[#This Row],[חומר גלם]],'חומרי גלם'!A:D,3,0),2) -> 10.2
A10: שמנת מתוקה 38% | B10: 940 | C10: =VLOOKUP(Recipe1058616467707376[[#This Row],[חומר גלם]],'חומרי גלם'!A:D,4,0) -> גרם | D10: =ROUNDUP(Recipe1058616467707376[[#This Row],[כמות במתכון]]*VLOOKUP(Recipe1058616467707376[[#This Row],[חומר גלם]],'חומרי גלם'!A:D,2,0)/VLOOKUP(Recipe1058616467707376[[#This Row],[חומר גלם]],'חומרי גלם'!A:D,3,0),2) -> 26.59
A11: צבע מאכל קולור מיל | B11: 0.1 | C11: =VLOOKUP(Recipe1058616467707376[[#This Row],[חומר גלם]],'חומרי גלם'!A:D,4,0) -> יחידות | D11: =ROUNDUP(Recipe1058616467707376[[#This Row],[כמות במתכון]]*VLOOKUP(Recipe1058616467707376[[#This Row],[חומר גלם]],'חומרי גלם'!A:D,2,0)/VLOOKUP(Recipe1058616467707376[[#This Row],[חומר גלם]],'חומרי גלם'!A:D,3,0),2) -> 3.5
A12: כללי קטן | B12: 1 | C12: =VLOOKUP(Recipe1058616467707376[[#This Row],[חומר גלם]],'חומרי גלם'!A:D,4,0) -> יחידות | D12: =ROUNDUP(Recipe1058616467707376[[#This Row],[כמות במתכון]]*VLOOKUP(Recipe1058616467707376[[#This Row],[חומר גלם]],'חומרי גלם'!A:D,2,0)/VLOOKUP(Recipe1058616467707376[[#This Row],[חומר גלם]],'חומרי גלם'!A:D,3,0),2) -> 15

Sheet קרם ברולה אישי
A1: מרכיבים | D1: =ROUNDUP(SUM(Recipe10586164677073[עלות למתכון]),2) -> 36.08 | F1: עבודה | J1: כמות | O1: אריזה | Q1: =SUM(SinglePack12606366697275[עלות]) -> 1.1 | T1: חזרה לתפריט
A2: חומר גלם | B2: כמות במתכון | C2: יחידת מידה | D2: עלות למתכון | F2: שעות עבודה | G2: עלות לשעת עבודה | H2: עלות עבודה | J2: כמות יחידות | K2: עלות ליחידה | O2: מוצר | P2: כמות | Q2: עלות | S2: מחיר כולל ליחדה
A3: שמנת מתוקה 38% | B3: 600 | C3: =VLOOKUP(Recipe10586164677073[[#This Row],[חומר גלם]],'חומרי גלם'!A:D,4,0) -> גרם | D3: =ROUNDUP(Recipe10586164677073[[#This Row],[כמות במתכון]]*VLOOKUP(Recipe10586164677073[[#This Row],[חומר גלם]],'חומרי גלם'!A:D,2,0)/VLOOKUP(Recipe10586164677073[[#This Row],[חומר גלם]],'חומרי גלם'!A:D,3,0),2) -> 16.97 | F3: 1 | G3: 100 | H3: =Work11596265687174[[#This Row],[עלות לשעת עבודה]]*Work11596265687174[[#This Row],[שעות עבודה]] -> 100 | K3: חומרים | L3: עבודה | M3: סה"כ | O3: ברולה -לב אישי | P3: 1 | Q3: =ROUNDUP(VLOOKUP(SinglePack12606366697275[[#This Row],[מוצר]],אריזות!A:C,2,0)/VLOOKUP(SinglePack12606366697275[[#This Row],[מוצר]],אריזות!A:C,3,0)*SinglePack12606366697275[[#This Row],[כמות]],2) -> 1.1 | S3: =Q1+M4 -> 12.45
A4: ביצים M | B4: 2 | C4: =VLOOKUP(Recipe10586164677073[[#This Row],[חומר גלם]],'חומרי גלם'!A:D,4,0) -> יחידות | D4: =ROUNDUP(Recipe10586164677073[[#This Row],[כמות במתכון]]*VLOOKUP(Recipe10586164677073[[#This Row],[חומר גלם]],'חומרי גלם'!A:D,2,0)/VLOOKUP(Recipe10586164677073[[#This Row],[חומר גלם]],'חומרי גלם'!A:D,3,0),2) -> 2.15 | J4: 12 | K4: =ROUNDUP(D1/J4,2) -> 3.01 | L4: {=ROUNDUP(Work11596265687174[עלות עבודה]/J4,2)} -> 8.34 | M4: =L4+K4 -> 11.35
A5: סוכר לבן | B5: 120 | C5: =VLOOKUP(Recipe10586164677073[[#This Row],[חומר גלם]],'חומרי גלם'!A:D,4,0) -> גרם | D5: =ROUNDUP(Recipe10586164677073[[#This Row],[כמות במתכון]]*VLOOKUP(Recipe10586164677073[[#This Row],[חומר גלם]],'חומרי גלם'!A:D,2,0)/VLOOKUP(Recipe10586164677073[[#This Row],[חומר גלם]],'חומרי גלם'!A:D,3,0),2) -> 0.63
A6: מחית וניל | B6: 15 | C6: =VLOOKUP(Recipe10586164677073[[#This Row],[חומר גלם]],'חומרי גלם'!A:D,4,0) -> גרם | D6: =ROUNDUP(Recipe10586164677073[[#This Row],[כמות במתכון]]*VLOOKUP(Recipe10586164677073[[#This Row],[חומר גלם]],'חומרי גלם'!A:D,2,0)/VLOOKUP(Recipe10586164677073[[#This Row],[חומר גלם]],'חומרי גלם'!A:D,3,0),2) -> 16.13
A7: סוכר חום דמררה | B7: 15 | C7: =VLOOKUP(Recipe10586164677073[[#This Row],[חומר גלם]],'חומרי גלם'!A:D,4,0) -> גרם | D7: =ROUNDUP(Recipe10586164677073[[#This Row],[כמות במתכון]]*VLOOKUP(Recipe10586164677073[[#This Row],[חומר גלם]],'חומרי גלם'!A:D,2,0)/VLOOKUP(Recipe10586164677073[[#This Row],[חומר גלם]],'חומרי גלם'!A:D,3,0),2) -> 0.2

Sheet בקלאווה טחינה
A1: מרכיבים | D1: =ROUNDUP(SUM(Recipe105861646770[עלות למתכון]),2) -> 67.81 | F1: עבודה | J1: כמות | O1: אריזה | Q1: =SUM(SinglePack126063666972[עלות]) -> 3.2 | T1: חזרה לתפריט
A2: חומר גלם | B2: כמות במתכון | C2: יחידת מידה | D2: עלות למתכון | F2: שעות עבודה | G2: עלות לשעת עבודה | H2: עלות עבודה | J2: כמות יחידות | K2: עלות ליחידה | O2: מוצר | P2: כמות | Q2: עלות | S2: מחיר כולל ליחדה
A3: בצק פילו | B3: 1 | C3: =VLOOKUP(Recipe105861646770[[#This Row],[חומר גלם]],'חומרי גלם'!A:D,4,0) -> יחידות | D3: =ROUNDUP(Recipe105861646770[[#This Row],[כמות במתכון]]*VLOOKUP(Recipe105861646770[[#This Row],[חומר גלם]],'חומרי גלם'!A:D,2,0)/VLOOKUP(Recipe105861646770[[#This Row],[חומר גלם]],'חומרי גלם'!A:D,3,0),2) -> 19.9 | F3: 1.3 | G3: 100 | H3: =Work115962656871[[#This Row],[עלות לשעת עבודה]]*Work115962656871[[#This Row],[שעות עבודה]] -> 130 | K3: חומרים | L3: עבודה | M3: סה"כ | O3: קופסת קאפקייקס 4 תאים | P3: 1 | Q3: =ROUNDUP(VLOOKUP(SinglePack126063666972[[#This Row],[מוצר]],אריזות!A:C,2,0)/VLOOKUP(SinglePack126063666972[[#This Row],[מוצר]],אריזות!A:C,3,0)*SinglePack126063666972[[#This Row],[כמות]],2) -> 3 | S3: =Q1+M4 -> 201.01
A4: טחינה גולמית | B4: 500 | C4: =VLOOKUP(Recipe105861646770[[#This Row],[חומר גלם]],'חומרי גלם'!A:D,4,0) -> גרם | D4: =ROUNDUP(Recipe105861646770[[#This Row],[כמות במתכון]]*VLOOKUP(Recipe105861646770[[#This Row],[חומר גלם]],'חומרי גלם'!A:D,2,0)/VLOOKUP(Recipe105861646770[[#This Row],[חומר גלם]],'חומרי גלם'!A:D,3,0),2) -> 14.9 | J4: 1 | K4: =ROUNDUP(D1/J4,2) -> 67.81 | L4: {=ROUNDUP(Work115962656871[עלות עבודה]/J4,2)} -> 130 | M4: =L4+K4 -> 197.81 | O4: נייר אפייה ריבוע 60*40 | P4: 1 | Q4: =ROUNDUP(VLOOKUP(SinglePack126063666972[[#This Row],[מוצר]],אריזות!A:C,2,0)/VLOOKUP(SinglePack126063666972[[#This Row],[מוצר]],אריזות!A:C,3,0)*SinglePack126063666972[[#This Row],[כמות]],2) -> 0.2
A5: סוכר חום דמררה | B5: 400 | C5: =VLOOKUP(Recipe105861646770[[#This Row],[חומר גלם]],'חומרי גלם'!A:D,4,0) -> גרם | D5: =ROUNDUP(Recipe105861646770[[#This Row],[כמות במתכון]]*VLOOKUP(Recipe105861646770[[#This Row],[חומר גלם]],'חומרי גלם'!A:D,2,0)/VLOOKUP(Recipe105861646770[[#This Row],[חומר גלם]],'חומרי גלם'!A:D,3,0),2) -> 5.16
A6: שמן | B6: 200 | C6: =VLOOKUP(Recipe105861646770[[#This Row],[חומר גלם]],'חומרי גלם'!A:D,4,0) -> מיליליטר | D6: =ROUNDUP(Recipe105861646770[[#This Row],[כמות במתכון]]*VLOOKUP(Recipe105861646770[[#This Row],[חומר גלם]],'חומרי גלם'!A:D,2,0)/VLOOKUP(Recipe105861646770[[#This Row],[חומר גלם]],'חומרי גלם'!A:D,3,0),2) -> 2.98
A7: קוקוס | B7: 200 | C7: =VLOOKUP(Recipe105861646770[[#This Row],[חומר גלם]],'חומרי גלם'!A:D,4,0) -> גרם | D7: =ROUNDUP(Recipe105861646770[[#This Row],[כמות במתכון]]*VLOOKUP(Recipe105861646770[[#This Row],[חומר גלם]],'חומרי גלם'!A:D,2,0)/VLOOKUP(Recipe105861646770[[#This Row],[חומר גלם]],'חומרי גלם'!A:D,3,0),2) -> 5.6
A8: מייפל | B8: 165 | C8: =VLOOKUP(Recipe105861646770[[#This Row],[חומר גלם]],'חומרי גלם'!A:D,4,0) -> גרם | D8: =ROUNDUP(Recipe105861646770[[#This Row],[כמות במתכון]]*VLOOKUP(Recipe105861646770[[#This Row],[חומר גלם]],'חומרי גלם'!A:D,2,0)/VLOOKUP(Recipe105861646770[[#This Row],[חומר גלם]],'חומרי גלם'!A:D,3,0),2) -> 4.27
A9: כללי קטן | B9: 1 | C9: =VLOOKUP(Recipe105861646770[[#This Row],[חומר גלם]],'חומרי גלם'!A:D,4,0) -> יחידות | D9: =ROUNDUP(Recipe105861646770[[#This Row],[כמות במתכון]]*VLOOKUP(Recipe105861646770[[#This Row],[חומר גלם]],'חומרי גלם'!A:D,2,0)/VLOOKUP(Recipe105861646770[[#This Row],[חומר גלם]],'חומרי גלם'!A:D,3,0),2) -> 15

Sheet בקלאווה אגוזים
A1: מרכיבים | D1: =ROUNDUP(SUM(Recipe1058616467[עלות למתכון]),2) -> 72.04 | F1: עבודה | J1: כמות | O1: אריזה | Q1: =SUM(SinglePack1260636669[עלות]) -> 3.2 | T1: חזרה לתפריט
A2: חומר גלם | B2: כמות במתכון | C2: יחידת מידה | D2: עלות למתכון | F2: שעות עבודה | G2: עלות לשעת עבודה | H2: עלות עבודה | J2: כמות יחידות | K2: עלות ליחידה | O2: מוצר | P2: כמות | Q2: עלות | S2: מחיר כולל ליחדה
A3: בצק פילו | B3: 1 | C3: =VLOOKUP(Recipe1058616467[[#This Row],[חומר גלם]],'חומרי גלם'!A:D,4,0) -> יחידות | D3: =ROUNDUP(Recipe1058616467[[#This Row],[כמות במתכון]]*VLOOKUP(Recipe1058616467[[#This Row],[חומר גלם]],'חומרי גלם'!A:D,2,0)/VLOOKUP(Recipe1058616467[[#This Row],[חומר גלם]],'חומרי גלם'!A:D,3,0),2) -> 19.9 | F3: 1.75 | G3: 100 | H3: =Work1159626568[[#This Row],[עלות לשעת עבודה]]*Work1159626568[[#This Row],[שעות עבודה]] -> 175 | K3: חומרים | L3: עבודה | M3: סה"כ | O3: קופסת קאפקייקס 4 תאים | P3: 1 | Q3: =ROUNDUP(VLOOKUP(SinglePack1260636669[[#This Row],[מוצר]],אריזות!A:C,2,0)/VLOOKUP(SinglePack1260636669[[#This Row],[מוצר]],אריזות!A:C,3,0)*SinglePack1260636669[[#This Row],[כמות]],2) -> 3 | S3: =Q1+M4 -> 250.24
A4: אגוזי מלך | B4: 500 | C4: =VLOOKUP(Recipe1058616467[[#This Row],[חומר גלם]],'חומרי גלם'!A:D,4,0) -> גרם | D4: =ROUNDUP(Recipe1058616467[[#This Row],[כמות במתכון]]*VLOOKUP(Recipe1058616467[[#This Row],[חומר גלם]],'חומרי גלם'!A:D,2,0)/VLOOKUP(Recipe1058616467[[#This Row],[חומר גלם]],'חומרי גלם'!A:D,3,0),2) -> 30 | J4: 1 | K4: =ROUNDUP(D1/J4,2) -> 72.04 | L4: {=ROUNDUP(Work1159626568[עלות עבודה]/J4,2)} -> 175 | M4: =L4+K4 -> 247.04 | O4: נייר אפייה ריבוע 60*40 | P4: 1 | Q4: =ROUNDUP(VLOOKUP(SinglePack1260636669[[#This Row],[מוצר]],אריזות!A:C,2,0)/VLOOKUP(SinglePack1260636669[[#This Row],[מוצר]],אריזות!A:C,3,0)*SinglePack1260636669[[#This Row],[כמות]],2) -> 0.2
A5: סוכר לבן | B5: 800 | C5: =VLOOKUP(Recipe1058616467[[#This Row],[חומר גלם]],'חומרי גלם'!A:D,4,0) -> גרם | D5: =ROUNDUP(Recipe1058616467[[#This Row],[כמות במתכון]]*VLOOKUP(Recipe1058616467[[#This Row],[חומר גלם]],'חומרי גלם'!A:D,2,0)/VLOOKUP(Recipe1058616467[[#This Row],[חומר גלם]],'חומרי גלם'!A:D,3,0),2) -> 4.16
A6: שמן | B6: 200 | C6: =VLOOKUP(Recipe1058616467[[#This Row],[חומר גלם]],'חומרי גלם'!A:D,4,0) -> מיליליטר | D6: =ROUNDUP(Recipe1058616467[[#This Row],[כמות במתכון]]*VLOOKUP(Recipe1058616467[[#This Row],[חומר גלם]],'חומרי גלם'!A:D,2,0)/VLOOKUP(Recipe1058616467[[#This Row],[חומר גלם]],'חומרי גלם'!A:D,3,0),2) -> 2.98
A7: כללי קטן | B7: 1 | C7: =VLOOKUP(Recipe1058616467[[#This Row],[חומר גלם]],'חומרי גלם'!A:D,4,0) -> יחידות | D7: =ROUNDUP(Recipe1058616467[[#This Row],[כמות במתכון]]*VLOOKUP(Recipe1058616467[[#This Row],[חומר גלם]],'חומרי גלם'!A:D,2,0)/VLOOKUP(Recipe1058616467[[#This Row],[חומר גלם]],'חומרי גלם'!A:D,3,0),2) -> 15

Sheet מגולגלות פיסטוק
A1: מרכיבים | D1: =ROUNDUP(SUM(Recipe10586164[עלות למתכון]),2) -> 55.91 | F1: עבודה | J1: כמות | O1: אריזה | Q1: =SUM(SinglePack12606366[עלות]) -> 3.2 | T1: חזרה לתפריט
A2: חומר גלם | B2: כמות במתכון | C2: יחידת מידה | D2: עלות למתכון | F2: שעות עבודה | G2: עלות לשעת עבודה | H2: עלות עבודה | J2: כמות יחידות | K2: עלות ליחידה | O2: מוצר | P2: כמות | Q2: עלות | S2: מחיר כולל ליחדה
A3: קמח לבן מנופה | B3: 330 | C3: =VLOOKUP(Recipe10586164[[#This Row],[חומר גלם]],'חומרי גלם'!A:D,4,0) -> גרם | D3: =ROUNDUP(Recipe10586164[[#This Row],[כמות במתכון]]*VLOOKUP(Recipe10586164[[#This Row],[חומר גלם]],'חומרי גלם'!A:D,2,0)/VLOOKUP(Recipe10586164[[#This Row],[חומר גלם]],'חומרי גלם'!A:D,3,0),2) -> 2.84 | F3: 0.4 | G3: 100 | H3: =Work11596265[[#This Row],[עלות לשעת עבודה]]*Work11596265[[#This Row],[שעות עבודה]] -> 40 | K3: חומרים | L3: עבודה | M3: סה"כ | O3: קופסת קאפקייקס 4 תאים | P3: 1 | Q3: =ROUNDUP(VLOOKUP(SinglePack12606366[[#This Row],[מוצר]],אריזות!A:C,2,0)/VLOOKUP(SinglePack12606366[[#This Row],[מוצר]],אריזות!A:C,3,0)*SinglePack12606366[[#This Row],[כמות]],2) -> 3 | S3: =Q1+M4 -> 51.16
A4: אבקת סוכר | B4: 100 | C4: =VLOOKUP(Recipe10586164[[#This Row],[חומר גלם]],'חומרי גלם'!A:D,4,0) -> גרם | D4: =ROUNDUP(Recipe10586164[[#This Row],[כמות במתכון]]*VLOOKUP(Recipe10586164[[#This Row],[חומר גלם]],'חומרי גלם'!A:D,2,0)/VLOOKUP(Recipe10586164[[#This Row],[חומר גלם]],'חומרי גלם'!A:D,3,0),2) -> 1 | J4: 2 | K4: =ROUNDUP(D1/J4,2) -> 27.96 | L4: {=ROUNDUP(Work11596265[עלות עבודה]/J4,2)} -> 20 | M4: =L4+K4 -> 47.96 | O4: נייר אפייה ריבוע 60*40 | P4: 1 | Q4: =ROUNDUP(VLOOKUP(SinglePack12606366[[#This Row],[מוצר]],אריזות!A:C,2,0)/VLOOKUP(SinglePack12606366[[#This Row],[מוצר]],אריזות!A:C,3,0)*SinglePack12606366[[#This Row],[כמות]],2) -> 0.2
A5: מלח | B5: 0.5 | C5: =VLOOKUP(Recipe10586164[[#This Row],[חומר גלם]],'חומרי גלם'!A:D,4,0) -> גרם | D5: =ROUNDUP(Recipe10586164[[#This Row],[כמות במתכון]]*VLOOKUP(Recipe10586164[[#This Row],[חומר גלם]],'חומרי גלם'!A:D,2,0)/VLOOKUP(Recipe10586164[[#This Row],[חומר גלם]],'חומרי גלם'!A:D,3,0),2) -> 0.01
A6: חמאה תנובה | B6: 200 | C6: =VLOOKUP(Recipe10586164[[#This Row],[חומר גלם]],'חומרי גלם'!A:D,4,0) -> גרם | D6: =ROUNDUP(Recipe10586164[[#This Row],[כמות במתכון]]*VLOOKUP(Recipe10586164[[#This Row],[חומר גלם]],'חומרי גלם'!A:D,2,0)/VLOOKUP(Recipe10586164[[#This Row],[חומר גלם]],'חומרי גלם'!A:D,3,0),2) -> 9
A7: ביצים L | B7: 1 | C7: =VLOOKUP(Recipe10586164[[#This Row],[חומר גלם]],'חומרי גלם'!A:D,4,0) -> יחידות | D7: =ROUNDUP(Recipe10586164[[#This Row],[כמות במתכון]]*VLOOKUP(Recipe10586164[[#This Row],[חומר גלם]],'חומרי גלם'!A:D,2,0)/VLOOKUP(Recipe10586164[[#This Row],[חומר גלם]],'חומרי גלם'!A:D,3,0),2) -> 1.17
A8: חלב רגיל 3% | B8: 45 | C8: =VLOOKUP(Recipe10586164[[#This Row],[חומר גלם]],'חומרי גלם'!A:D,4,0) -> מיליליטר | D8: =ROUNDUP(Recipe10586164[[#This Row],[כמות במתכון]]*VLOOKUP(Recipe10586164[[#This Row],[חומר גלם]],'חומרי גלם'!A:D,2,0)/VLOOKUP(Recipe10586164[[#This Row],[חומר גלם]],'חומרי גלם'!A:D,3,0),2) -> 0.31
A9: ממרח spread it | B9: 250 | C9: =VLOOKUP(Recipe10586164[[#This Row],[חומר גלם]],'חומרי גלם'!A:D,4,0) -> גרם | D9: =ROUNDUP(Recipe10586164[[#This Row],[כמות במתכון]]*VLOOKUP(Recipe10586164[[#This Row],[חומר גלם]],'חומרי גלם'!A:D,2,0)/VLOOKUP(Recipe10586164[[#This Row],[חומר גלם]],'חומרי גלם'!A:D,3,0),2) -> 15
A10: פיסטוק | B10: 50 | C10: =VLOOKUP(Recipe10586164[[#This Row],[חומר גלם]],'חומרי גלם'!A:D,4,0) -> גרם | D10: =ROUNDUP(Recipe10586164[[#This Row],[כמות במתכון]]*VLOOKUP(Recipe10586164[[#This Row],[חומר גלם]],'חומרי גלם'!A:D,2,0)/VLOOKUP(Recipe10586164[[#This Row],[חומר גלם]],'חומרי גלם'!A:D,3,0),2) -> 7
A11: שוקולד צ'יפס לבן | B11: 100 | C11: =VLOOKUP(Recipe10586164[[#This Row],[חומר גלם]],'חומרי גלם'!A:D,4,0) -> גרם | D11: =ROUNDUP(Recipe10586164[[#This Row],[כמות במתכון]]*VLOOKUP(Recipe10586164[[#This Row],[חומר גלם]],'חומרי גלם'!A:D,2,0)/VLOOKUP(Recipe10586164[[#This Row],[חומר גלם]],'חומרי גלם'!A:D,3,0),2) -> 4.58
A12: כללי קטן | B12: 1 | C12: =VLOOKUP(Recipe10586164[[#This Row],[חומר גלם]],'חומרי גלם'!A:D,4,0) -> יחידות | D12: =ROUNDUP(Recipe10586164[[#This Row],[כמות במתכון]]*VLOOKUP(Recipe10586164[[#This Row],[חומר גלם]],'חומרי גלם'!A:D,2,0)/VLOOKUP(Recipe10586164[[#This Row],[חומר גלם]],'חומרי גלם'!A:D,3,0),2) -> 15

Sheet בראוניז אמסטרדם
A1: מרכיבים | D1: =ROUNDUP(SUM(Recipe105861[עלות למתכון]),2) -> 28.34 | F1: עבודה | J1: כמות | O1: אריזה | Q1: =SUM(SinglePack126063[עלות]) -> 3.2 | T1: חזרה לתפריט
A2: חומר גלם | B2: כמות במתכון | C2: יחידת מידה | D2: עלות למתכון | F2: שעות עבודה | G2: עלות לשעת עבודה | H2: עלות עבודה | J2: כמות יחידות | K2: עלות ליחידה | O2: מוצר | P2: כמות | Q2: עלות | S2: מחיר כולל ליחדה
A3: חמאה תנובה | B3: 100 | C3: =VLOOKUP(Recipe105861[[#This Row],[חומר גלם]],'חומרי גלם'!A:D,4,0) -> גרם | D3: =ROUNDUP(Recipe105861[[#This Row],[כמות במתכון]]*VLOOKUP(Recipe105861[[#This Row],[חומר גלם]],'חומרי גלם'!A:D,2,0)/VLOOKUP(Recipe105861[[#This Row],[חומר גלם]],'חומרי גלם'!A:D,3,0),2) -> 4.5 | F3: 0.4 | G3: 100 | H3: =Work115962[[#This Row],[עלות לשעת עבודה]]*Work115962[[#This Row],[שעות עבודה]] -> 40 | K3: חומרים | L3: עבודה | M3: סה"כ | O3: קופסת קאפקייקס 4 תאים | P3: 1 | Q3: =ROUNDUP(VLOOKUP(SinglePack126063[[#This Row],[מוצר]],אריזות!A:C,2,0)/VLOOKUP(SinglePack126063[[#This Row],[מוצר]],אריזות!A:C,3,0)*SinglePack126063[[#This Row],[כמות]],2) -> 3 | S3: =Q1+M4 -> 71.54
A4: סוכר לבן | B4: 130 | C4: =VLOOKUP(Recipe105861[[#This Row],[חומר גלם]],'חומרי גלם'!A:D,4,0) -> גרם | D4: =ROUNDUP(Recipe105861[[#This Row],[כמות במתכון]]*VLOOKUP(Recipe105861[[#This Row],[חומר גלם]],'חומרי גלם'!A:D,2,0)/VLOOKUP(Recipe105861[[#This Row],[חומר גלם]],'חומרי גלם'!A:D,3,0),2) -> 0.68 | J4: 1 | K4: =ROUNDUP(D1/J4,2) -> 28.34 | L4: {=ROUNDUP(Work115962[עלות עבודה]/J4,2)} -> 40 | M4: =L4+K4 -> 68.34 | O4: נייר אפייה ריבוע 60*40 | P4: 1 | Q4: =ROUNDUP(VLOOKUP(SinglePack126063[[#This Row],[מוצר]],אריזות!A:C,2,0)/VLOOKUP(SinglePack126063[[#This Row],[מוצר]],אריזות!A:C,3,0)*SinglePack126063[[#This Row],[כמות]],2) -> 0.2
A5: קקאו | B5: 30 | C5: =VLOOKUP(Recipe105861[[#This Row],[חומר גלם]],'חומרי גלם'!A:D,4,0) -> גרם | D5: =ROUNDUP(Recipe105861[[#This Row],[כמות במתכון]]*VLOOKUP(Recipe105861[[#This Row],[חומר גלם]],'חומרי גלם'!A:D,2,0)/VLOOKUP(Recipe105861[[#This Row],[חומר גלם]],'חומרי גלם'!A:D,3,0),2) -> 1.31
A6: מלח | B6: 1.5 | C6: =VLOOKUP(Recipe105861[[#This Row],[חומר גלם]],'חומרי גלם'!A:D,4,0) -> גרם | D6: =ROUNDUP(Recipe105861[[#This Row],[כמות במתכון]]*VLOOKUP(Recipe105861[[#This Row],[חומר גלם]],'חומרי גלם'!A:D,2,0)/VLOOKUP(Recipe105861[[#This Row],[חומר גלם]],'חומרי גלם'!A:D,3,0),2) -> 0.01
A7: אבקת אפייה | B7: 1 | C7: =VLOOKUP(Recipe105861[[#This Row],[חומר גלם]],'חומרי גלם'!A:D,4,0) -> גרם | D7: =ROUNDUP(Recipe105861[[#This Row],[כמות במתכון]]*VLOOKUP(Recipe105861[[#This Row],[חומר גלם]],'חומרי גלם'!A:D,2,0)/VLOOKUP(Recipe105861[[#This Row],[חומר גלם]],'חומרי גלם'!A:D,3,0),2) -> 0.02
A8: ביצים M | B8: 1.5 | C8: =VLOOKUP(Recipe105861[[#This Row],[חומר גלם]],'חומרי גלם'!A:D,4,0) -> יחידות | D8: =ROUNDUP(Recipe105861[[#This Row],[כמות במתכון]]*VLOOKUP(Recipe105861[[#This Row],[חומר גלם]],'חומרי גלם'!A:D,2,0)/VLOOKUP(Recipe105861[[#This Row],[חומר גלם]],'חומרי גלם'!A:D,3,0),2) -> 1.62
A9: קמח לבן מנופה | B9: 70 | C9: =VLOOKUP(Recipe105861[[#This Row],[חומר גלם]],'חומרי גלם'!A:D,4,0) -> גרם | D9: =ROUNDUP(Recipe105861[[#This Row],[כמות במתכון]]*VLOOKUP(Recipe105861[[#This Row],[חומר גלם]],'חומרי גלם'!A:D,2,0)/VLOOKUP(Recipe105861[[#This Row],[חומר גלם]],'חומרי גלם'!A:D,3,0),2) -> 0.61
A10: שוקולד מריר מהדרין | B10: 60 | C10: =VLOOKUP(Recipe105861[[#This Row],[חומר גלם]],'חומרי גלם'!A:D,4,0) -> גרם | D10: =ROUNDUP(Recipe105861[[#This Row],[כמות במתכון]]*VLOOKUP(Recipe105861[[#This Row],[חומר גלם]],'חומרי גלם'!A:D,2,0)/VLOOKUP(Recipe105861[[#This Row],[חומר גלם]],'חומרי גלם'!A:D,3,0),2) -> 1.95
A11: מלח גס | B11: 0.5 | C11: =VLOOKUP(Recipe105861[[#This Row],[חומר גלם]],'חומרי גלם'!A:D,4,0) -> גרם | D11: =ROUNDUP(Recipe105861[[#This Row],[כמות במתכון]]*VLOOKUP(Recipe105861[[#This Row],[חומר גלם]],'חומרי גלם'!A:D,2,0)/VLOOKUP(Recipe105861[[#This Row],[חומר גלם]],'חומרי גלם'!A:D,3,0),2) -> 0.01
A12: שוקולד לבן מהדרין | B12: 70 | C12: =VLOOKUP(Recipe105861[[#This Row],[חומר גלם]],'חומרי גלם'!A:D,4,0) -> גרם | D12: =ROUNDUP(Recipe105861[[#This Row],[כמות במתכון]]*VLOOKUP(Recipe105861[[#This Row],[חומר גלם]],'חומרי גלם'!A:D,2,0)/VLOOKUP(Recipe105861[[#This Row],[חומר גלם]],'חומרי גלם'!A:D,3,0),2) -> 2.63
A13: כללי קטן | B13: 1 | C13: =VLOOKUP(Recipe105861[[#This Row],[חומר גלם]],'חומרי גלם'!A:D,4,0) -> יחידות | D13: =ROUNDUP(Recipe105861[[#This Row],[כמות במתכון]]*VLOOKUP(Recipe105861[[#This Row],[חומר גלם]],'חומרי גלם'!A:D,2,0)/VLOOKUP(Recipe105861[[#This Row],[חומר גלם]],'חומרי גלם'!A:D,3,0),2) -> 15

Sheet נקניק שוקולד לבן קינדר
A1: מרכיבים | D1: =ROUNDUP(SUM(Recipe1058[עלות למתכון]),2) -> 22.07 | F1: עבודה | J1: כמות | O1: אריזה | Q1: =SUM(SinglePack1260[עלות]) -> 3.2 | T1: חזרה לתפריט
A2: חומר גלם | B2: כמות במתכון | C2: יחידת מידה | D2: עלות למתכון | F2: שעות עבודה | G2: עלות לשעת עבודה | H2: עלות עבודה | J2: כמות יחידות | K2: עלות ליחידה | O2: מוצר | P2: כמות | Q2: עלות | S2: מחיר כולל ליחדה
A3: ביסקוויטים פתיבר | B3: 250 | C3: =VLOOKUP(Recipe1058[[#This Row],[חומר גלם]],'חומרי גלם'!A:D,4,0) -> גרם | D3: =ROUNDUP(Recipe1058[[#This Row],[כמות במתכון]]*VLOOKUP(Recipe1058[[#This Row],[חומר גלם]],'חומרי גלם'!A:D,2,0)/VLOOKUP(Recipe1058[[#This Row],[חומר גלם]],'חומרי גלם'!A:D,3,0),2) -> 5.75 | F3: 0.4 | G3: 100 | H3: =Work1159[[#This Row],[עלות לשעת עבודה]]*Work1159[[#This Row],[שעות עבודה]] -> 40 | K3: חומרים | L3: עבודה | M3: סה"כ | O3: קופסת קאפקייקס 4 תאים | P3: 1 | Q3: =ROUNDUP(VLOOKUP(SinglePack1260[[#This Row],[מוצר]],אריזות!A:C,2,0)/VLOOKUP(SinglePack1260[[#This Row],[מוצר]],אריזות!A:C,3,0)*SinglePack1260[[#This Row],[כמות]],2) -> 3 | S3: =Q1+M4 -> 65.27
A4: שוקולד לבן מהדרין | B4: 100 | C4: =VLOOKUP(Recipe1058[[#This Row],[חומר גלם]],'חומרי גלם'!A:D,4,0) -> גרם | D4: =ROUNDUP(Recipe1058[[#This Row],[כמות במתכון]]*VLOOKUP(Recipe1058[[#This Row],[חומר גלם]],'חומרי גלם'!A:D,2,0)/VLOOKUP(Recipe1058[[#This Row],[חומר גלם]],'חומרי גלם'!A:D,3,0),2) -> 3.75 | J4: 1 | K4: =ROUNDUP(D1/J4,2) -> 22.07 | L4: {=ROUNDUP(Work1159[עלות עבודה]/J4,2)} -> 40 | M4: =L4+K4 -> 62.07 | O4: נייר אפייה ריבוע 60*40 | P4: 1 | Q4: =ROUNDUP(VLOOKUP(SinglePack1260[[#This Row],[מוצר]],אריזות!A:C,2,0)/VLOOKUP(SinglePack1260[[#This Row],[מוצר]],אריזות!A:C,3,0)*SinglePack1260[[#This Row],[כמות]],2) -> 0.2
A5: ממרח קינדר(סופר) | B5: 100 | C5: =VLOOKUP(Recipe1058[[#This Row],[חומר גלם]],'חומרי גלם'!A:D,4,0) -> גרם | D5: =ROUNDUP(Recipe1058[[#This Row],[כמות במתכון]]*VLOOKUP(Recipe1058[[#This Row],[חומר גלם]],'חומרי גלם'!A:D,2,0)/VLOOKUP(Recipe1058[[#This Row],[חומר גלם]],'חומרי גלם'!A:D,3,0),2) -> 5.64
A6: חמאה תנובה | B6: 60 | C6: =VLOOKUP(Recipe1058[[#This Row],[חומר גלם]],'חומרי גלם'!A:D,4,0) -> גרם | D6: =ROUNDUP(Recipe1058[[#This Row],[כמות במתכון]]*VLOOKUP(Recipe1058[[#This Row],[חומר גלם]],'חומרי גלם'!A:D,2,0)/VLOOKUP(Recipe1058[[#This Row],[חומר גלם]],'חומרי גלם'!A:D,3,0),2) -> 2.7
A7: שמנת מתוקה 38% | B7: 100 | C7: =VLOOKUP(Recipe1058[[#This Row],[חומר גלם]],'חומרי גלם'!A:D,4,0) -> גרם | D7: =ROUNDUP(Recipe1058[[#This Row],[כמות במתכון]]*VLOOKUP(Recipe1058[[#This Row],[חומר גלם]],'חומרי גלם'!A:D,2,0)/VLOOKUP(Recipe1058[[#This Row],[חומר גלם]],'חומרי גלם'!A:D,3,0),2) -> 2.83
A8: קוקוס | B8: 50 | C8: =VLOOKUP(Recipe1058[[#This Row],[חומר גלם]],'חומרי גלם'!A:D,4,0) -> גרם | D8: =ROUNDUP(Recipe1058[[#This Row],[כמות במתכון]]*VLOOKUP(Recipe1058[[#This Row],[חומר גלם]],'חומרי גלם'!A:D,2,0)/VLOOKUP(Recipe1058[[#This Row],[חומר גלם]],'חומרי גלם'!A:D,3,0),2) -> 1.4

Sheet עוגיות אמסטרדם
A1: מרכיבים | D1: =ROUNDUP(SUM(Recipe10[עלות למתכון]),2) -> 41.31 | F1: עבודה | J1: כמות | O1: אריזה | Q1: =SUM(SinglePack12[עלות]) -> 3.2 | T1: חזרה לתפריט
A2: חומר גלם | B2: כמות במתכון | C2: יחידת מידה | D2: עלות למתכון | F2: שעות עבודה | G2: עלות לשעת עבודה | H2: עלות עבודה | J2: כמות יחידות | K2: עלות ליחידה | O2: מוצר | P2: כמות | Q2: עלות | S2: מחיר כולל ליחדה
A3: חמאה תנובה | B3: 200 | C3: =VLOOKUP(Recipe10[[#This Row],[חומר גלם]],'חומרי גלם'!A:D,4,0) -> גרם | D3: =ROUNDUP(Recipe10[[#This Row],[כמות במתכון]]*VLOOKUP(Recipe10[[#This Row],[חומר גלם]],'חומרי גלם'!A:D,2,0)/VLOOKUP(Recipe10[[#This Row],[חומר גלם]],'חומרי גלם'!A:D,3,0),2) -> 9 | F3: 1.5 | G3: 100 | H3: =Work11[[#This Row],[עלות לשעת עבודה]]*Work11[[#This Row],[שעות עבודה]] -> 150 | K3: חומרים | L3: עבודה | M3: סה"כ | O3: קופסת קאפקייקס 4 תאים | P3: 1 | Q3: =ROUNDUP(VLOOKUP(SinglePack12[[#This Row],[מוצר]],אריזות!A:C,2,0)/VLOOKUP(SinglePack12[[#This Row],[מוצר]],אריזות!A:C,3,0)*SinglePack12[[#This Row],[כמות]],2) -> 3 | S3: =Q1+M4 -> 7.55
A4: סוכר לבן | B4: 80 | C4: =VLOOKUP(Recipe10[[#This Row],[חומר גלם]],'חומרי גלם'!A:D,4,0) -> גרם | D4: =ROUNDUP(Recipe10[[#This Row],[כמות במתכון]]*VLOOKUP(Recipe10[[#This Row],[חומר גלם]],'חומרי גלם'!A:D,2,0)/VLOOKUP(Recipe10[[#This Row],[חומר גלם]],'חומרי גלם'!A:D,3,0),2) -> 0.42 | J4: 44 | K4: =ROUNDUP(D1/J4,2) -> 0.94 | L4: {=ROUNDUP(Work11[עלות עבודה]/J4,2)} -> 3.41 | M4: =L4+K4 -> 4.35 | O4: נייר אפייה ריבוע 60*40 | P4: 1 | Q4: =ROUNDUP(VLOOKUP(SinglePack12[[#This Row],[מוצר]],אריזות!A:C,2,0)/VLOOKUP(SinglePack12[[#This Row],[מוצר]],אריזות!A:C,3,0)*SinglePack12[[#This Row],[כמות]],2) -> 0.2
A5: סוכר חום כהה | B5: 150 | C5: =VLOOKUP(Recipe10[[#This Row],[חומר גלם]],'חומרי גלם'!A:D,4,0) -> גרם | D5: =ROUNDUP(Recipe10[[#This Row],[כמות במתכון]]*VLOOKUP(Recipe10[[#This Row],[חומר גלם]],'חומרי גלם'!A:D,2,0)/VLOOKUP(Recipe10[[#This Row],[חומר גלם]],'חומרי גלם'!A:D,3,0),2) -> 2.24
A6: ביצים M | B6: 1 | C6: =VLOOKUP(Recipe10[[#This Row],[חומר גלם]],'חומרי גלם'!A:D,4,0) -> יחידות | D6: =ROUNDUP(Recipe10[[#This Row],[כמות במתכון]]*VLOOKUP(Recipe10[[#This Row],[חומר גלם]],'חומרי גלם'!A:D,2,0)/VLOOKUP(Recipe10[[#This Row],[חומר גלם]],'חומרי גלם'!A:D,3,0),2) -> 1.08
A7: מלח | B7: 6 | C7: =VLOOKUP(Recipe10[[#This Row],[חומר גלם]],'חומרי גלם'!A:D,4,0) -> גרם | D7: =ROUNDUP(Recipe10[[#This Row],[כמות במתכון]]*VLOOKUP(Recipe10[[#This Row],[חומר גלם]],'חומרי גלם'!A:D,2,0)/VLOOKUP(Recipe10[[#This Row],[חומר גלם]],'חומרי גלם'!A:D,3,0),2) -> 0.01
A8: קמח לבן מנופה | B8: 270 | C8: =VLOOKUP(Recipe10[[#This Row],[חומר גלם]],'חומרי גלם'!A:D,4,0) -> גרם | D8: =ROUNDUP(Recipe10[[#This Row],[כמות במתכון]]*VLOOKUP(Recipe10[[#This Row],[חומר גלם]],'חומרי גלם'!A:D,2,0)/VLOOKUP(Recipe10[[#This Row],[חומר גלם]],'חומרי גלם'!A:D,3,0),2) -> 2.33
A9: קקאו | B9: 30 | C9: =VLOOKUP(Recipe10[[#This Row],[חומר גלם]],'חומרי גלם'!A:D,4,0) -> גרם | D9: =ROUNDUP(Recipe10[[#This Row],[כמות במתכון]]*VLOOKUP(Recipe10[[#This Row],[חומר גלם]],'חומרי גלם'!A:D,2,0)/VLOOKUP(Recipe10[[#This Row],[חומר גלם]],'חומרי גלם'!A:D,3,0),2) -> 1.31
A10: אבקת אפייה | B10: 3 | C10: =VLOOKUP(Recipe10[[#This Row],[חומר גלם]],'חומרי גלם'!A:D,4,0) -> גרם | D10: =ROUNDUP(Recipe10[[#This Row],[כמות במתכון]]*VLOOKUP(Recipe10[[#This Row],[חומר גלם]],'חומרי גלם'!A:D,2,0)/VLOOKUP(Recipe10[[#This Row],[חומר גלם]],'חומרי גלם'!A:D,3,0),2) -> 0.06
A11: סודה לשתייה | B11: 3 | C11: =VLOOKUP(Recipe10[[#This Row],[חומר גלם]],'חומרי גלם'!A:D,4,0) -> גרם | D11: =ROUNDUP(Recipe10[[#This Row],[כמות במתכון]]*VLOOKUP(Recipe10[[#This Row],[חומר גלם]],'חומרי גלם'!A:D,2,0)/VLOOKUP(Recipe10[[#This Row],[חומר גלם]],'חומרי גלם'!A:D,3,0),2) -> 0.18
A12: שוקולד לבן מהדרין | B12: 250 | C12: =VLOOKUP(Recipe10[[#This Row],[חומר גלם]],'חומרי גלם'!A:D,4,0) -> גרם | D12: =ROUNDUP(Recipe10[[#This Row],[כמות במתכון]]*VLOOKUP(Recipe10[[#This Row],[חומר גלם]],'חומרי גלם'!A:D,2,0)/VLOOKUP(Recipe10[[#This Row],[חומר גלם]],'חומרי גלם'!A:D,3,0),2) -> 9.38
A13: שמן | B13: 20 | C13: =VLOOKUP(Recipe10[[#This Row],[חומר גלם]],'חומרי גלם'!A:D,4,0) -> מיליליטר | D13: =ROUNDUP(Recipe10[[#This Row],[כמות במתכון]]*VLOOKUP(Recipe10[[#This Row],[חומר גלם]],'חומרי גלם'!A:D,2,0)/VLOOKUP(Recipe10[[#This Row],[חומר גלם]],'חומרי גלם'!A:D,3,0),2) -> 0.3
A14: כללי קטן | B14: 1 | C14: =VLOOKUP(Recipe10[[#This Row],[חומר גלם]],'חומרי גלם'!A:D,4,0) -> יחידות | D14: =ROUNDUP(Recipe10[[#This Row],[כמות במתכון]]*VLOOKUP(Recipe10[[#This Row],[חומר גלם]],'חומרי גלם'!A:D,2,0)/VLOOKUP(Recipe10[[#This Row],[חומר גלם]],'חומרי גלם'!A:D,3,0),2) -> 15

Sheet עוגיות שוקולד צ'יפס מושחתות
A1: מרכיבים | D1: =ROUNDUP(SUM(Recipe13[עלות למתכון]),2) -> 36.87 | F1: עבודה | J1: כמות | O1: אריזה | Q1: =SUM(SinglePack15[עלות]) -> 5.2 | T1: חזרה לתפריט
A2: חומר גלם | B2: כמות במתכון | C2: יחידת מידה | D2: עלות למתכון | F2: שעות עבודה | G2: עלות לשעת עבודה | H2: עלות עבודה | J2: כמות יחידות | K2: עלות ליחידה | O2: מוצר | P2: כמות | Q2: עלות | S2: מחיר כולל ליחדה
A3: חמאה תנובה | B3: 160 | C3: =VLOOKUP(Recipe13[[#This Row],[חומר גלם]],'חומרי גלם'!A:D,4,0) -> גרם | D3: =ROUNDUP(Recipe13[[#This Row],[כמות במתכון]]*VLOOKUP(Recipe13[[#This Row],[חומר גלם]],'חומרי גלם'!A:D,2,0)/VLOOKUP(Recipe13[[#This Row],[חומר גלם]],'חומרי גלם'!A:D,3,0),2) -> 7.2 | F3: 1.5 | G3: 100 | H3: =Work14[[#This Row],[עלות לשעת עבודה]]*Work14[[#This Row],[שעות עבודה]] -> 150 | K3: חומרים | L3: עבודה | M3: סה"כ | O3: קופסת קאפקייקס 6 תאים | P3: 1 | Q3: =ROUNDUP(VLOOKUP(SinglePack15[[#This Row],[מוצר]],אריזות!A:C,2,0)/VLOOKUP(SinglePack15[[#This Row],[מוצר]],אריזות!A:C,3,0)*SinglePack15[[#This Row],[כמות]],2) -> 5 | S3: =Q1+M4 -> 11.43
A4: סוכר חום כהה | B4: 120 | C4: =VLOOKUP(Recipe13[[#This Row],[חומר גלם]],'חומרי גלם'!A:D,4,0) -> גרם | D4: =ROUNDUP(Recipe13[[#This Row],[כמות במתכון]]*VLOOKUP(Recipe13[[#This Row],[חומר גלם]],'חומרי גלם'!A:D,2,0)/VLOOKUP(Recipe13[[#This Row],[חומר גלם]],'חומרי גלם'!A:D,3,0),2) -> 1.79 | J4: 30 | K4: =ROUNDUP(D1/J4,2) -> 1.23 | L4: {=ROUNDUP(Work14[עלות עבודה]/J4,2)} -> 5 | M4: =L4+K4 -> 6.23 | O4: נייר אפייה ריבוע 60*40 | P4: 1 | Q4: =ROUNDUP(VLOOKUP(SinglePack15[[#This Row],[מוצר]],אריזות!A:C,2,0)/VLOOKUP(SinglePack15[[#This Row],[מוצר]],אריזות!A:C,3,0)*SinglePack15[[#This Row],[כמות]],2) -> 0.2
A5: סוכר חום גולדן | B5: 100 | C5: =VLOOKUP(Recipe13[[#This Row],[חומר גלם]],'חומרי גלם'!A:D,4,0) -> גרם | D5: =ROUNDUP(Recipe13[[#This Row],[כמות במתכון]]*VLOOKUP(Recipe13[[#This Row],[חומר גלם]],'חומרי גלם'!A:D,2,0)/VLOOKUP(Recipe13[[#This Row],[חומר גלם]],'חומרי גלם'!A:D,3,0),2) -> 1.29
A6: ביצים L | B6: 1 | C6: =VLOOKUP(Recipe13[[#This Row],[חומר גלם]],'חומרי גלם'!A:D,4,0) -> יחידות | D6: =ROUNDUP(Recipe13[[#This Row],[כמות במתכון]]*VLOOKUP(Recipe13[[#This Row],[חומר גלם]],'חומרי גלם'!A:D,2,0)/VLOOKUP(Recipe13[[#This Row],[חומר גלם]],'חומרי גלם'!A:D,3,0),2) -> 1.17
A7: קמח לבן מנופה | B7: 215 | C7: =VLOOKUP(Recipe13[[#This Row],[חומר גלם]],'חומרי גלם'!A:D,4,0) -> גרם | D7: =ROUNDUP(Recipe13[[#This Row],[כמות במתכון]]*VLOOKUP(Recipe13[[#This Row],[חומר גלם]],'חומרי גלם'!A:D,2,0)/VLOOKUP(Recipe13[[#This Row],[חומר גלם]],'חומרי גלם'!A:D,3,0),2) -> 1.85
A8: סודה לשתייה | B8: 0.75 | C8: =VLOOKUP(Recipe13[[#This Row],[חומר גלם]],'חומרי גלם'!A:D,4,0) -> גרם | D8: =ROUNDUP(Recipe13[[#This Row],[כמות במתכון]]*VLOOKUP(Recipe13[[#This Row],[חומר גלם]],'חומרי גלם'!A:D,2,0)/VLOOKUP(Recipe13[[#This Row],[חומר גלם]],'חומרי גלם'!A:D,3,0),2) -> 0.05
A9: שוקולד מריר מהדרין | B9: 100 | C9: =VLOOKUP(Recipe13[[#This Row],[חומר גלם]],'חומרי גלם'!A:D,4,0) -> גרם | D9: =ROUNDUP(Recipe13[[#This Row],[כמות במתכון]]*VLOOKUP(Recipe13[[#This Row],[חומר גלם]],'חומרי גלם'!A:D,2,0)/VLOOKUP(Recipe13[[#This Row],[חומר גלם]],'חומרי גלם'!A:D,3,0),2) -> 3.25
A10: שוקולד חלב מהדרין | B10: 70 | C10: =VLOOKUP(Recipe13[[#This Row],[חומר גלם]],'חומרי גלם'!A:D,4,0) -> גרם | D10: =ROUNDUP(Recipe13[[#This Row],[כמות במתכון]]*VLOOKUP(Recipe13[[#This Row],[חומר גלם]],'חומרי גלם'!A:D,2,0)/VLOOKUP(Recipe13[[#This Row],[חומר גלם]],'חומרי גלם'!A:D,3,0),2) -> 2.63
A11: שוקולד לבן מהדרין | B11: 70 | C11: =VLOOKUP(Recipe13[[#This Row],[חומר גלם]],'חומרי גלם'!A:D,4,0) -> גרם | D11: =ROUNDUP(Recipe13[[#This Row],[כמות במתכון]]*VLOOKUP(Recipe13[[#This Row],[חומר גלם]],'חומרי גלם'!A:D,2,0)/VLOOKUP(Recipe13[[#This Row],[חומר גלם]],'חומרי גלם'!A:D,3,0),2) -> 2.63
A12: מלח גס | B12: 0.5 | C12: =VLOOKUP(Recipe13[[#This Row],[חומר גלם]],'חומרי גלם'!A:D,4,0) -> גרם | D12: =ROUNDUP(Recipe13[[#This Row],[כמות במתכון]]*VLOOKUP(Recipe13[[#This Row],[חומר גלם]],'חומרי גלם'!A:D,2,0)/VLOOKUP(Recipe13[[#This Row],[חומר גלם]],'חומרי גלם'!A:D,3,0),2) -> 0.01
A13: כללי קטן | B13: 1 | C13: =VLOOKUP(Recipe13[[#This Row],[חומר גלם]],'חומרי גלם'!A:D,4,0) -> יחידות | D13: =ROUNDUP(Recipe13[[#This Row],[כמות במתכון]]*VLOOKUP(Recipe13[[#This Row],[חומר גלם]],'חומרי גלם'!A:D,2,0)/VLOOKUP(Recipe13[[#This Row],[חומר גלם]],'חומרי גלם'!A:D,3,0),2) -> 15

Sheet חיתוכיות פררו רושה
A1: מרכיבים | D1: =ROUNDUP(SUM(Recipe1016[עלות למתכון]),2) -> 80.97 | F1: עבודה | J1: כמות | O1: אריזה | Q1: =SUM(SinglePack1218[עלות]) -> 4.7 | T1: חזרה לתפריט
A2: חומר גלם | B2: כמות במתכון | C2: יחידת מידה | D2: עלות למתכון | F2: שעות עבודה | G2: עלות לשעת עבודה | H2: עלות עבודה | J2: כמות יחידות | K2: עלות ליחידה | O2: מוצר | P2: כמות | Q2: עלות | S2: מחיר כולל ליחדה
A3: שוקולד חלב מהדרין | B3: 350 | C3: =VLOOKUP(Recipe1016[[#This Row],[חומר גלם]],'חומרי גלם'!A:D,4,0) -> גרם | D3: =ROUNDUP(Recipe1016[[#This Row],[כמות במתכון]]*VLOOKUP(Recipe1016[[#This Row],[חומר גלם]],'חומרי גלם'!A:D,2,0)/VLOOKUP(Recipe1016[[#This Row],[חומר גלם]],'חומרי גלם'!A:D,3,0),2) -> 13.13 | F3: 1.5 | G3: 110 | H3: =Work1117[[#This Row],[עלות לשעת עבודה]]*Work1117[[#This Row],[שעות עבודה]] -> 165 | K3: חומרים | L3: עבודה | M3: סה"כ | O3: קופסא לאינגליש מכסה גבוה | P3: 1 | Q3: =ROUNDUP(VLOOKUP(SinglePack1218[[#This Row],[מוצר]],אריזות!A:C,2,0)/VLOOKUP(SinglePack1218[[#This Row],[מוצר]],אריזות!A:C,3,0)*SinglePack1218[[#This Row],[כמות]],2) -> 4.5 | S3: =Q1+M4 -> 127.69
A4: שוקולד מריר מהדרין | B4: 50 | C4: =VLOOKUP(Recipe1016[[#This Row],[חומר גלם]],'חומרי גלם'!A:D,4,0) -> גרם | D4: =ROUNDUP(Recipe1016[[#This Row],[כמות במתכון]]*VLOOKUP(Recipe1016[[#This Row],[חומר גלם]],'חומרי גלם'!A:D,2,0)/VLOOKUP(Recipe1016[[#This Row],[חומר גלם]],'חומרי גלם'!A:D,3,0),2) -> 1.63 | J4: 2 | K4: =ROUNDUP(D1/J4,2) -> 40.49 | L4: {=ROUNDUP(Work1117[עלות עבודה]/J4,2)} -> 82.5 | M4: =L4+K4 -> 122.99 | O4: נייר אפייה ריבוע 60*40 | P4: 1 | Q4: =ROUNDUP(VLOOKUP(SinglePack1218[[#This Row],[מוצר]],אריזות!A:C,2,0)/VLOOKUP(SinglePack1218[[#This Row],[מוצר]],אריזות!A:C,3,0)*SinglePack1218[[#This Row],[כמות]],2) -> 0.2
A5: חמאה תנובה | B5: 100 | C5: =VLOOKUP(Recipe1016[[#This Row],[חומר גלם]],'חומרי גלם'!A:D,4,0) -> גרם | D5: =ROUNDUP(Recipe1016[[#This Row],[כמות במתכון]]*VLOOKUP(Recipe1016[[#This Row],[חומר גלם]],'חומרי גלם'!A:D,2,0)/VLOOKUP(Recipe1016[[#This Row],[חומר גלם]],'חומרי גלם'!A:D,3,0),2) -> 4.5
A6: ממרח spread it | B6: 200 | C6: =VLOOKUP(Recipe1016[[#This Row],[חומר גלם]],'חומרי גלם'!A:D,4,0) -> גרם | D6: =ROUNDUP(Recipe1016[[#This Row],[כמות במתכון]]*VLOOKUP(Recipe1016[[#This Row],[חומר גלם]],'חומרי גלם'!A:D,2,0)/VLOOKUP(Recipe1016[[#This Row],[חומר גלם]],'חומרי גלם'!A:D,3,0),2) -> 12
A7: מלח | B7: 1.5 | C7: =VLOOKUP(Recipe1016[[#This Row],[חומר גלם]],'חומרי גלם'!A:D,4,0) -> גרם | D7: =ROUNDUP(Recipe1016[[#This Row],[כמות במתכון]]*VLOOKUP(Recipe1016[[#This Row],[חומר גלם]],'חומרי גלם'!A:D,2,0)/VLOOKUP(Recipe1016[[#This Row],[חומר גלם]],'חומרי גלם'!A:D,3,0),2) -> 0.01
A8: ביסקוויטים פתיבר | B8: 140 | C8: =VLOOKUP(Recipe1016[[#This Row],[חומר גלם]],'חומרי גלם'!A:D,4,0) -> גרם | D8: =ROUNDUP(Recipe1016[[#This Row],[כמות במתכון]]*VLOOKUP(Recipe1016[[#This Row],[חומר גלם]],'חומרי גלם'!A:D,2,0)/VLOOKUP(Recipe1016[[#This Row],[חומר גלם]],'חומרי גלם'!A:D,3,0),2) -> 3.22
A9: פניני קראנץ' חלבי | B9: 50 | C9: =VLOOKUP(Recipe1016[[#This Row],[חומר גלם]],'חומרי גלם'!A:D,4,0) -> גרם | D9: =ROUNDUP(Recipe1016[[#This Row],[כמות במתכון]]*VLOOKUP(Recipe1016[[#This Row],[חומר גלם]],'חומרי גלם'!A:D,2,0)/VLOOKUP(Recipe1016[[#This Row],[חומר גלם]],'חומרי גלם'!A:D,3,0),2) -> 3.75
A10: שמנת מתוקה 38% | B10: 100 | C10: =VLOOKUP(Recipe1016[[#This Row],[חומר גלם]],'חומרי גלם'!A:D,4,0) -> גרם | D10: =ROUNDUP(Recipe1016[[#This Row],[כמות במתכון]]*VLOOKUP(Recipe1016[[#This Row],[חומר גלם]],'חומרי גלם'!A:D,2,0)/VLOOKUP(Recipe1016[[#This Row],[חומר גלם]],'חומרי גלם'!A:D,3,0),2) -> 2.83
A11: פררו רושה | B11: 16 | C11: =VLOOKUP(Recipe1016[[#This Row],[חומר גלם]],'חומרי גלם'!A:D,4,0) -> יחידות | D11: =ROUNDUP(Recipe1016[[#This Row],[כמות במתכון]]*VLOOKUP(Recipe1016[[#This Row],[חומר גלם]],'חומרי גלם'!A:D,2,0)/VLOOKUP(Recipe1016[[#This Row],[חומר גלם]],'חומרי גלם'!A:D,3,0),2) -> 24.9
A12: כללי קטן | B12: 1 | C12: =VLOOKUP(Recipe1016[[#This Row],[חומר גלם]],'חומרי גלם'!A:D,4,0) -> יחידות | D12: =ROUNDUP(Recipe1016[[#This Row],[כמות במתכון]]*VLOOKUP(Recipe1016[[#This Row],[חומר גלם]],'חומרי גלם'!A:D,2,0)/VLOOKUP(Recipe1016[[#This Row],[חומר גלם]],'חומרי גלם'!A:D,3,0),2) -> 15

Sheet מגולגלות במבה נוגט
A1: מרכיבים | D1: =ROUNDUP(SUM(Recipe101619[עלות למתכון]),2) -> 43.27 | F1: עבודה | J1: כמות | O1: אריזה | Q1: =SUM(SinglePack121821[עלות]) -> 2.6 | T1: חזרה לתפריט
A2: חומר גלם | B2: כמות במתכון | C2: יחידת מידה | D2: עלות למתכון | F2: שעות עבודה | G2: עלות לשעת עבודה | H2: עלות עבודה | J2: כמות יחידות | K2: עלות ליחידה | O2: מוצר | P2: כמות | Q2: עלות | S2: מחיר כולל ליחדה
A3: קמח לבן מנופה | B3: 210 | C3: =VLOOKUP(Recipe101619[[#This Row],[חומר גלם]],'חומרי גלם'!A:D,4,0) -> גרם | D3: =ROUNDUP(Recipe101619[[#This Row],[כמות במתכון]]*VLOOKUP(Recipe101619[[#This Row],[חומר גלם]],'חומרי גלם'!A:D,2,0)/VLOOKUP(Recipe101619[[#This Row],[חומר גלם]],'חומרי גלם'!A:D,3,0),2) -> 1.81 | F3: 1 | G3: 100 | H3: =Work111720[[#This Row],[עלות לשעת עבודה]]*Work111720[[#This Row],[שעות עבודה]] -> 100 | K3: חומרים | L3: עבודה | M3: סה"כ | O3: קריסטליות עיגול - 16 ס"מ | P3: 1 | Q3: =ROUNDUP(VLOOKUP(SinglePack121821[[#This Row],[מוצר]],אריזות!A:C,2,0)/VLOOKUP(SinglePack121821[[#This Row],[מוצר]],אריזות!A:C,3,0)*SinglePack121821[[#This Row],[כמות]],2) -> 2.3 | S3: =Q1+M4 -> 74.24
A4: קורנפלור | B4: 30 | C4: =VLOOKUP(Recipe101619[[#This Row],[חומר גלם]],'חומרי גלם'!A:D,4,0) -> גרם | D4: =ROUNDUP(Recipe101619[[#This Row],[כמות במתכון]]*VLOOKUP(Recipe101619[[#This Row],[חומר גלם]],'חומרי גלם'!A:D,2,0)/VLOOKUP(Recipe101619[[#This Row],[חומר גלם]],'חומרי גלם'!A:D,3,0),2) -> 0.42 | J4: 2 | K4: =ROUNDUP(D1/J4,2) -> 21.64 | L4: {=ROUNDUP(Work111720[עלות עבודה]/J4,2)} -> 50 | M4: =L4+K4 -> 71.64 | O4: ניירר אפייה עגול - 20 | P4: 1 | Q4: =ROUNDUP(VLOOKUP(SinglePack121821[[#This Row],[מוצר]],אריזות!A:C,2,0)/VLOOKUP(SinglePack121821[[#This Row],[מוצר]],אריזות!A:C,3,0)*SinglePack121821[[#This Row],[כמות]],2) -> 0.3
A5: אבקת סוכר | B5: 50 | C5: =VLOOKUP(Recipe101619[[#This Row],[חומר גלם]],'חומרי גלם'!A:D,4,0) -> גרם | D5: =ROUNDUP(Recipe101619[[#This Row],[כמות במתכון]]*VLOOKUP(Recipe101619[[#This Row],[חומר גלם]],'חומרי גלם'!A:D,2,0)/VLOOKUP(Recipe101619[[#This Row],[חומר גלם]],'חומרי גלם'!A:D,3,0),2) -> 0.5
A6: אבקת אפייה | B6: 5 | C6: =VLOOKUP(Recipe101619[[#This Row],[חומר גלם]],'חומרי גלם'!A:D,4,0) -> גרם | D6: =ROUNDUP(Recipe101619[[#This Row],[כמות במתכון]]*VLOOKUP(Recipe101619[[#This Row],[חומר גלם]],'חומרי גלם'!A:D,2,0)/VLOOKUP(Recipe101619[[#This Row],[חומר גלם]],'חומרי גלם'!A:D,3,0),2) -> 0.1
A7: במבה | B7: 70 | C7: =VLOOKUP(Recipe101619[[#This Row],[חומר גלם]],'חומרי גלם'!A:D,4,0) -> גרם | D7: =ROUNDUP(Recipe101619[[#This Row],[כמות במתכון]]*VLOOKUP(Recipe101619[[#This Row],[חומר גלם]],'חומרי גלם'!A:D,2,0)/VLOOKUP(Recipe101619[[#This Row],[חומר גלם]],'חומרי גלם'!A:D,3,0),2) -> 2.8
A8: מלח | B8: 0.5 | C8: =VLOOKUP(Recipe101619[[#This Row],[חומר גלם]],'חומרי גלם'!A:D,4,0) -> גרם | D8: =ROUNDUP(Recipe101619[[#This Row],[כמות במתכון]]*VLOOKUP(Recipe101619[[#This Row],[חומר גלם]],'חומרי גלם'!A:D,2,0)/VLOOKUP(Recipe101619[[#This Row],[חומר גלם]],'חומרי גלם'!A:D,3,0),2) -> 0.01
A9: חמאה תנובה | B9: 140 | C9: =VLOOKUP(Recipe101619[[#This Row],[חומר גלם]],'חומרי גלם'!A:D,4,0) -> גרם | D9: =ROUNDUP(Recipe101619[[#This Row],[כמות במתכון]]*VLOOKUP(Recipe101619[[#This Row],[חומר גלם]],'חומרי גלם'!A:D,2,0)/VLOOKUP(Recipe101619[[#This Row],[חומר גלם]],'חומרי גלם'!A:D,3,0),2) -> 6.3
A10: ביצים M | B10: 0.5 | C10: =VLOOKUP(Recipe101619[[#This Row],[חומר גלם]],'חומרי גלם'!A:D,4,0) -> יחידות | D10: =ROUNDUP(Recipe101619[[#This Row],[כמות במתכון]]*VLOOKUP(Recipe101619[[#This Row],[חומר גלם]],'חומרי גלם'!A:D,2,0)/VLOOKUP(Recipe101619[[#This Row],[חומר גלם]],'חומרי גלם'!A:D,3,0),2) -> 0.54
A11: חלב רגיל 3% | B11: 55 | C11: =VLOOKUP(Recipe101619[[#This Row],[חומר גלם]],'חומרי גלם'!A:D,4,0) -> מיליליטר | D11: =ROUNDUP(Recipe101619[[#This Row],[כמות במתכון]]*VLOOKUP(Recipe101619[[#This Row],[חומר גלם]],'חומרי גלם'!A:D,2,0)/VLOOKUP(Recipe101619[[#This Row],[חומר גלם]],'חומרי גלם'!A:D,3,0),2) -> 0.38
A12: שוקולד חלב מהדרין | B12: 300 | C12: =VLOOKUP(Recipe101619[[#This Row],[חומר גלם]],'חומרי גלם'!A:D,4,0) -> גרם | D12: =ROUNDUP(Recipe101619[[#This Row],[כמות במתכון]]*VLOOKUP(Recipe101619[[#This Row],[חומר גלם]],'חומרי גלם'!A:D,2,0)/VLOOKUP(Recipe101619[[#This Row],[חומר גלם]],'חומרי גלם'!A:D,3,0),2) -> 11.25
A13: נוטלה | B13: 80 | C13: =VLOOKUP(Recipe101619[[#This Row],[חומר גלם]],'חומרי גלם'!A:D,4,0) -> גרם | D13: =ROUNDUP(Recipe101619[[#This Row],[כמות במתכון]]*VLOOKUP(Recipe101619[[#This Row],[חומר גלם]],'חומרי גלם'!A:D,2,0)/VLOOKUP(Recipe101619[[#This Row],[חומר גלם]],'חומרי גלם'!A:D,3,0),2) -> 3.2
A14: חמאת בוטנים | B14: 40 | C14: =VLOOKUP(Recipe101619[[#This Row],[חומר גלם]],'חומרי גלם'!A:D,4,0) -> גרם | D14: =ROUNDUP(Recipe101619[[#This Row],[כמות במתכון]]*VLOOKUP(Recipe101619[[#This Row],[חומר גלם]],'חומרי גלם'!A:D,2,0)/VLOOKUP(Recipe101619[[#This Row],[חומר גלם]],'חומרי גלם'!A:D,3,0),2) -> 0.96
A15: כללי קטן | B15: 1 | C15: =VLOOKUP(Recipe101619[[#This Row],[חומר גלם]],'חומרי גלם'!A:D,4,0) -> יחידות | D15: =ROUNDUP(Recipe101619[[#This Row],[כמות במתכון]]*VLOOKUP(Recipe101619[[#This Row],[חומר גלם]],'חומרי גלם'!A:D,2,0)/VLOOKUP(Recipe101619[[#This Row],[חומר גלם]],'חומרי גלם'!A:D,3,0),2) -> 15

Sheet פרליני שוקלד חמאת בוטנים
A1: מרכיבים | D1: =ROUNDUP(SUM(Recipe10161922[עלות למתכון]),2) -> 31.03 | F1: עבודה | J1: כמות | O1: אריזה | Q1: =SUM(SinglePack12182124[עלות]) -> 3.55 | T1: חזרה לתפריט
A2: חומר גלם | B2: כמות במתכון | C2: יחידת מידה | D2: עלות למתכון | F2: שעות עבודה | G2: עלות לשעת עבודה | H2: עלות עבודה | J2: כמות יחידות | K2: עלות ליחידה | O2: מוצר | P2: כמות | Q2: עלות | S2: מחיר כולל ליחדה
A3: חמאת בוטנים | B3: 125 | C3: =VLOOKUP(Recipe10161922[[#This Row],[חומר גלם]],'חומרי גלם'!A:D,4,0) -> גרם | D3: =ROUNDUP(Recipe10161922[[#This Row],[כמות במתכון]]*VLOOKUP(Recipe10161922[[#This Row],[חומר גלם]],'חומרי גלם'!A:D,2,0)/VLOOKUP(Recipe10161922[[#This Row],[חומר גלם]],'חומרי גלם'!A:D,3,0),2) -> 3 | F3: 1 | G3: 100 | H3: =Work11172023[[#This Row],[עלות לשעת עבודה]]*Work11172023[[#This Row],[שעות עבודה]] -> 100 | K3: חומרים | L3: עבודה | M3: סה"כ | O3: קופסת פרלינים 16 תאים | P3: 1 | Q3: =ROUNDUP(VLOOKUP(SinglePack12182124[[#This Row],[מוצר]],אריזות!A:C,2,0)/VLOOKUP(SinglePack12182124[[#This Row],[מוצר]],אריזות!A:C,3,0)*SinglePack12182124[[#This Row],[כמות]],2) -> 3.25 | S3: =Q1+M4 -> 5.99
A4: קמח שקדים | B4: 35 | C4: =VLOOKUP(Recipe10161922[[#This Row],[חומר גלם]],'חומרי גלם'!A:D,4,0) -> גרם | D4: =ROUNDUP(Recipe10161922[[#This Row],[כמות במתכון]]*VLOOKUP(Recipe10161922[[#This Row],[חומר גלם]],'חומרי גלם'!A:D,2,0)/VLOOKUP(Recipe10161922[[#This Row],[חומר גלם]],'חומרי גלם'!A:D,3,0),2) -> 3.63 | J4: 54 | K4: =ROUNDUP(D1/J4,2) -> 0.58 | L4: {=ROUNDUP(Work11172023[עלות עבודה]/J4,2)} -> 1.86 | M4: =L4+K4 -> 2.44 | O4: ניירר אפייה עגול - 20 | P4: 1 | Q4: =ROUNDUP(VLOOKUP(SinglePack12182124[[#This Row],[מוצר]],אריזות!A:C,2,0)/VLOOKUP(SinglePack12182124[[#This Row],[מוצר]],אריזות!A:C,3,0)*SinglePack12182124[[#This Row],[כמות]],2) -> 0.3
A5: שוקולד חלב מהדרין | B5: 250 | C5: =VLOOKUP(Recipe10161922[[#This Row],[חומר גלם]],'חומרי גלם'!A:D,4,0) -> גרם | D5: =ROUNDUP(Recipe10161922[[#This Row],[כמות במתכון]]*VLOOKUP(Recipe10161922[[#This Row],[חומר גלם]],'חומרי גלם'!A:D,2,0)/VLOOKUP(Recipe10161922[[#This Row],[חומר גלם]],'חומרי גלם'!A:D,3,0),2) -> 9.38
A6: מלח גס | B6: 0.5 | C6: =VLOOKUP(Recipe10161922[[#This Row],[חומר גלם]],'חומרי גלם'!A:D,4,0) -> גרם | D6: =ROUNDUP(Recipe10161922[[#This Row],[כמות במתכון]]*VLOOKUP(Recipe10161922[[#This Row],[חומר גלם]],'חומרי גלם'!A:D,2,0)/VLOOKUP(Recipe10161922[[#This Row],[חומר גלם]],'חומרי גלם'!A:D,3,0),2) -> 0.01
A7: שמן | B7: 0.5 | C7: =VLOOKUP(Recipe10161922[[#This Row],[חומר גלם]],'חומרי גלם'!A:D,4,0) -> מיליליטר | D7: =ROUNDUP(Recipe10161922[[#This Row],[כמות במתכון]]*VLOOKUP(Recipe10161922[[#This Row],[חומר גלם]],'חומרי גלם'!A:D,2,0)/VLOOKUP(Recipe10161922[[#This Row],[חומר גלם]],'חומרי גלם'!A:D,3,0),2) -> 0.01
A8: כללי קטן | B8: 1 | C8: =VLOOKUP(Recipe10161922[[#This Row],[חומר גלם]],'חומרי גלם'!A:D,4,0) -> יחידות | D8: =ROUNDUP(Recipe10161922[[#This Row],[כמות במתכון]]*VLOOKUP(Recipe10161922[[#This Row],[חומר גלם]],'חומרי גלם'!A:D,2,0)/VLOOKUP(Recipe10161922[[#This Row],[חומר גלם]],'חומרי גלם'!A:D,3,0),2) -> 15

Sheet טריקולד
A1: מרכיבים | D1: =ROUNDUP(SUM(Recipe101625[עלות למתכון]),2) -> 81.85 | F1: עבודה | J1: כמות | O1: אריזה | Q1: =SUM(SinglePack121827[עלות]) -> 4.3 | T1: חזרה לתפריט
A2: חומר גלם | B2: כמות במתכון | C2: יחידת מידה | D2: עלות למתכון | F2: שעות עבודה | G2: עלות לשעת עבודה | H2: עלות עבודה | J2: כמות יחידות | K2: עלות ליחידה | O2: מוצר | P2: כמות | Q2: עלות | S2: מחיר כולל ליחדה
A3: ביסקוויטים פתיבר | B3: 375 | C3: =VLOOKUP(Recipe101625[[#This Row],[חומר גלם]],'חומרי גלם'!A:D,4,0) -> גרם | D3: =ROUNDUP(Recipe101625[[#This Row],[כמות במתכון]]*VLOOKUP(Recipe101625[[#This Row],[חומר גלם]],'חומרי גלם'!A:D,2,0)/VLOOKUP(Recipe101625[[#This Row],[חומר גלם]],'חומרי גלם'!A:D,3,0),2) -> 8.63 | F3: 1.3 | G3: 100 | H3: =Work111726[[#This Row],[עלות לשעת עבודה]]*Work111726[[#This Row],[שעות עבודה]] -> 130 | K3: חומרים | L3: עבודה | M3: סה"כ | O3: קריסטליות פלסטיק למארז+מכסה 16 | P3: 1 | Q3: =ROUNDUP(VLOOKUP(SinglePack121827[[#This Row],[מוצר]],אריזות!A:C,2,0)/VLOOKUP(SinglePack121827[[#This Row],[מוצר]],אריזות!A:C,3,0)*SinglePack121827[[#This Row],[כמות]],2) -> 4 | S3: =Q1+M4 -> 216.15
A4: חלב רגיל 3% | B4: 240 | C4: =VLOOKUP(Recipe101625[[#This Row],[חומר גלם]],'חומרי גלם'!A:D,4,0) -> מיליליטר | D4: =ROUNDUP(Recipe101625[[#This Row],[כמות במתכון]]*VLOOKUP(Recipe101625[[#This Row],[חומר גלם]],'חומרי גלם'!A:D,2,0)/VLOOKUP(Recipe101625[[#This Row],[חומר גלם]],'חומרי גלם'!A:D,3,0),2) -> 1.64 | J4: 1 | K4: =ROUNDUP(D1/J4,2) -> 81.85 | L4: {=ROUNDUP(Work111726[עלות עבודה]/J4,2)} -> 130 | M4: =L4+K4 -> 211.85 | O4: ניירר אפייה עגול - 20 | P4: 1 | Q4: =ROUNDUP(VLOOKUP(SinglePack121827[[#This Row],[מוצר]],אריזות!A:C,2,0)/VLOOKUP(SinglePack121827[[#This Row],[מוצר]],אריזות!A:C,3,0)*SinglePack121827[[#This Row],[כמות]],2) -> 0.3
A5: שוקולד מריר מהדרין | B5: 150 | C5: =VLOOKUP(Recipe101625[[#This Row],[חומר גלם]],'חומרי גלם'!A:D,4,0) -> גרם | D5: =ROUNDUP(Recipe101625[[#This Row],[כמות במתכון]]*VLOOKUP(Recipe101625[[#This Row],[חומר גלם]],'חומרי גלם'!A:D,2,0)/VLOOKUP(Recipe101625[[#This Row],[חומר גלם]],'חומרי גלם'!A:D,3,0),2) -> 4.88
A6: שוקולד חלב מהדרין | B6: 230 | C6: =VLOOKUP(Recipe101625[[#This Row],[חומר גלם]],'חומרי גלם'!A:D,4,0) -> גרם | D6: =ROUNDUP(Recipe101625[[#This Row],[כמות במתכון]]*VLOOKUP(Recipe101625[[#This Row],[חומר גלם]],'חומרי גלם'!A:D,2,0)/VLOOKUP(Recipe101625[[#This Row],[חומר גלם]],'חומרי גלם'!A:D,3,0),2) -> 8.63
A7: שוקולד לבן מהדרין | B7: 150 | C7: =VLOOKUP(Recipe101625[[#This Row],[חומר גלם]],'חומרי גלם'!A:D,4,0) -> גרם | D7: =ROUNDUP(Recipe101625[[#This Row],[כמות במתכון]]*VLOOKUP(Recipe101625[[#This Row],[חומר גלם]],'חומרי גלם'!A:D,2,0)/VLOOKUP(Recipe101625[[#This Row],[חומר גלם]],'חומרי גלם'!A:D,3,0),2) -> 5.63
A8: שמנת מתוקה 38% | B8: 1140 | C8: =VLOOKUP(Recipe101625[[#This Row],[חומר גלם]],'חומרי גלם'!A:D,4,0) -> גרם | D8: =ROUNDUP(Recipe101625[[#This Row],[כמות במתכון]]*VLOOKUP(Recipe101625[[#This Row],[חומר גלם]],'חומרי גלם'!A:D,2,0)/VLOOKUP(Recipe101625[[#This Row],[חומר גלם]],'חומרי גלם'!A:D,3,0),2) -> 32.24
A9: איסטנט פודינט | B9: 10 | C9: =VLOOKUP(Recipe101625[[#This Row],[חומר גלם]],'חומרי גלם'!A:D,4,0) -> גרם | D9: =ROUNDUP(Recipe101625[[#This Row],[כמות במתכון]]*VLOOKUP(Recipe101625[[#This Row],[חומר גלם]],'חומרי גלם'!A:D,2,0)/VLOOKUP(Recipe101625[[#This Row],[חומר גלם]],'חומרי גלם'!A:D,3,0),2) -> 0.2
A10: כללי בינוני | B10: 1 | C10: =VLOOKUP(Recipe101625[[#This Row],[חומר גלם]],'חומרי גלם'!A:D,4,0) -> יחידות | D10: =ROUNDUP(Recipe101625[[#This Row],[כמות במתכון]]*VLOOKUP(Recipe101625[[#This Row],[חומר גלם]],'חומרי גלם'!A:D,2,0)/VLOOKUP(Recipe101625[[#This Row],[חומר גלם]],'חומרי גלם'!A:D,3,0),2) -> 20

Sheet כדורי לואקר
A1: מרכיבים | D1: =ROUNDUP(SUM(Recipe10162530[עלות למתכון]),2) -> 60.83 | F1: עבודה | J1: כמות | O1: אריזה | Q1: =SUM(SinglePack12182729[עלות]) -> 3.5 | T1: חזרה לתפריט
A2: חומר גלם | B2: כמות במתכון | C2: יחידת מידה | D2: עלות למתכון | F2: שעות עבודה | G2: עלות לשעת עבודה | H2: עלות עבודה | J2: כמות יחידות | K2: עלות ליחידה | O2: מוצר | P2: כמות | Q2: עלות | S2: מחיר כולל ליחדה
A3: לואקר | B3: 150 | C3: =VLOOKUP(Recipe10162530[[#This Row],[חומר גלם]],'חומרי גלם'!A:D,4,0) -> גרם | D3: =ROUNDUP(Recipe10162530[[#This Row],[כמות במתכון]]*VLOOKUP(Recipe10162530[[#This Row],[חומר גלם]],'חומרי גלם'!A:D,2,0)/VLOOKUP(Recipe10162530[[#This Row],[חומר גלם]],'חומרי גלם'!A:D,3,0),2) -> 9.18 | F3: 1 | G3: 100 | H3: =Work11172628[[#This Row],[עלות לשעת עבודה]]*Work11172628[[#This Row],[שעות עבודה]] -> 100 | K3: חומרים | L3: עבודה | M3: סה"כ | O3: קופסת מקרון 30/5/5 | P3: 1 | Q3: =ROUNDUP(VLOOKUP(SinglePack12182729[[#This Row],[מוצר]],אריזות!A:C,2,0)/VLOOKUP(SinglePack12182729[[#This Row],[מוצר]],אריזות!A:C,3,0)*SinglePack12182729[[#This Row],[כמות]],2) -> 3.5 | S3: =Q1+M4 -> 8.87
A4: ביסקוויטים פתיבר | B4: 250 | C4: =VLOOKUP(Recipe10162530[[#This Row],[חומר גלם]],'חומרי גלם'!A:D,4,0) -> גרם | D4: =ROUNDUP(Recipe10162530[[#This Row],[כמות במתכון]]*VLOOKUP(Recipe10162530[[#This Row],[חומר גלם]],'חומרי גלם'!A:D,2,0)/VLOOKUP(Recipe10162530[[#This Row],[חומר גלם]],'חומרי גלם'!A:D,3,0),2) -> 5.75 | J4: 30 | K4: =ROUNDUP(D1/J4,2) -> 2.03 | L4: {=ROUNDUP(Work11172628[עלות עבודה]/J4,2)} -> 3.34 | M4: =L4+K4 -> 5.37
A5: שוקולד חלב מהדרין | B5: 550 | C5: =VLOOKUP(Recipe10162530[[#This Row],[חומר גלם]],'חומרי גלם'!A:D,4,0) -> גרם | D5: =ROUNDUP(Recipe10162530[[#This Row],[כמות במתכון]]*VLOOKUP(Recipe10162530[[#This Row],[חומר גלם]],'חומרי גלם'!A:D,2,0)/VLOOKUP(Recipe10162530[[#This Row],[חומר גלם]],'חומרי גלם'!A:D,3,0),2) -> 20.63
A6: שוקולד לבן מהדרין | B6: 30 | C6: =VLOOKUP(Recipe10162530[[#This Row],[חומר גלם]],'חומרי גלם'!A:D,4,0) -> גרם | D6: =ROUNDUP(Recipe10162530[[#This Row],[כמות במתכון]]*VLOOKUP(Recipe10162530[[#This Row],[חומר גלם]],'חומרי גלם'!A:D,2,0)/VLOOKUP(Recipe10162530[[#This Row],[חומר גלם]],'חומרי גלם'!A:D,3,0),2) -> 1.13
A7: ממרח spread it | B7: 40 | C7: =VLOOKUP(Recipe10162530[[#This Row],[חומר גלם]],'חומרי גלם'!A:D,4,0) -> גרם | D7: =ROUNDUP(Recipe10162530[[#This Row],[כמות במתכון]]*VLOOKUP(Recipe10162530[[#This Row],[חומר גלם]],'חומרי גלם'!A:D,2,0)/VLOOKUP(Recipe10162530[[#This Row],[חומר גלם]],'חומרי גלם'!A:D,3,0),2) -> 2.4
A8: חמאה תנובה | B8: 80 | C8: =VLOOKUP(Recipe10162530[[#This Row],[חומר גלם]],'חומרי גלם'!A:D,4,0) -> גרם | D8: =ROUNDUP(Recipe10162530[[#This Row],[כמות במתכון]]*VLOOKUP(Recipe10162530[[#This Row],[חומר גלם]],'חומרי גלם'!A:D,2,0)/VLOOKUP(Recipe10162530[[#This Row],[חומר גלם]],'חומרי גלם'!A:D,3,0),2) -> 3.6
A9: חמאת קקאו | B9: 30 | C9: =VLOOKUP(Recipe10162530[[#This Row],[חומר גלם]],'חומרי גלם'!A:D,4,0) -> גרם | D9: =ROUNDUP(Recipe10162530[[#This Row],[כמות במתכון]]*VLOOKUP(Recipe10162530[[#This Row],[חומר גלם]],'חומרי גלם'!A:D,2,0)/VLOOKUP(Recipe10162530[[#This Row],[חומר גלם]],'חומרי גלם'!A:D,3,0),2) -> 3.14
A10: כללי קטן | B10: 1 | C10: =VLOOKUP(Recipe10162530[[#This Row],[חומר גלם]],'חומרי גלם'!A:D,4,0) -> יחידות | D10: =ROUNDUP(Recipe10162530[[#This Row],[כמות במתכון]]*VLOOKUP(Recipe10162530[[#This Row],[חומר גלם]],'חומרי גלם'!A:D,2,0)/VLOOKUP(Recipe10162530[[#This Row],[חומר גלם]],'חומרי גלם'!A:D,3,0),2) -> 15

Sheet עוגיות חמאה פיסטוק
A1: מרכיבים | D1: =ROUNDUP(SUM(Recipe101625303336[עלות למתכון]),2) -> 33.84 | F1: עבודה | J1: כמות | O1: אריזה | Q1: =SUM(SinglePack121827293235[עלות]) -> 5 | T1: חזרה לתפריט
A2: חומר גלם | B2: כמות במתכון | C2: יחידת מידה | D2: עלות למתכון | F2: שעות עבודה | G2: עלות לשעת עבודה | H2: עלות עבודה | J2: כמות יחידות | K2: עלות ליחידה | O2: מוצר | P2: כמות | Q2: עלות | S2: מחיר כולל ליחדה
A3: חמאה תנובה | B3: 100 | C3: =VLOOKUP(Recipe101625303336[[#This Row],[חומר גלם]],'חומרי גלם'!A:D,4,0) -> גרם | D3: =ROUNDUP(Recipe101625303336[[#This Row],[כמות במתכון]]*VLOOKUP(Recipe101625303336[[#This Row],[חומר גלם]],'חומרי גלם'!A:D,2,0)/VLOOKUP(Recipe101625303336[[#This Row],[חומר גלם]],'חומרי גלם'!A:D,3,0),2) -> 4.5 | F3: 1 | G3: 100 | H3: =Work111726283134[[#This Row],[עלות לשעת עבודה]]*Work111726283134[[#This Row],[שעות עבודה]] -> 100 | K3: חומרים | L3: עבודה | M3: סה"כ | O3: קופסת קאפקייקס 6 תאים | P3: 1 | Q3: =ROUNDUP(VLOOKUP(SinglePack121827293235[[#This Row],[מוצר]],אריזות!A:C,2,0)/VLOOKUP(SinglePack121827293235[[#This Row],[מוצר]],אריזות!A:C,3,0)*SinglePack121827293235[[#This Row],[כמות]],2) -> 5 | S3: =Q1+M4 -> 10.83
A4: סוכר חום כהה | B4: 75 | C4: =VLOOKUP(Recipe101625303336[[#This Row],[חומר גלם]],'חומרי גלם'!A:D,4,0) -> גרם | D4: =ROUNDUP(Recipe101625303336[[#This Row],[כמות במתכון]]*VLOOKUP(Recipe101625303336[[#This Row],[חומר גלם]],'חומרי גלם'!A:D,2,0)/VLOOKUP(Recipe101625303336[[#This Row],[חומר גלם]],'חומרי גלם'!A:D,3,0),2) -> 1.12 | J4: 23 | K4: =ROUNDUP(D1/J4,2) -> 1.48 | L4: {=ROUNDUP(Work111726283134[עלות עבודה]/J4,2)} -> 4.35 | M4: =L4+K4 -> 5.83
A5: ביצים M | B5: 1 | C5: =VLOOKUP(Recipe101625303336[[#This Row],[חומר גלם]],'חומרי גלם'!A:D,4,0) -> יחידות | D5: =ROUNDUP(Recipe101625303336[[#This Row],[כמות במתכון]]*VLOOKUP(Recipe101625303336[[#This Row],[חומר גלם]],'חומרי גלם'!A:D,2,0)/VLOOKUP(Recipe101625303336[[#This Row],[חומר גלם]],'חומרי גלם'!A:D,3,0),2) -> 1.08
A6: ממרח spread it | B6: 40 | C6: =VLOOKUP(Recipe101625303336[[#This Row],[חומר גלם]],'חומרי גלם'!A:D,4,0) -> גרם | D6: =ROUNDUP(Recipe101625303336[[#This Row],[כמות במתכון]]*VLOOKUP(Recipe101625303336[[#This Row],[חומר גלם]],'חומרי גלם'!A:D,2,0)/VLOOKUP(Recipe101625303336[[#This Row],[חומר גלם]],'חומרי גלם'!A:D,3,0),2) -> 2.4
A7: קמח לבן מנופה | B7: 190 | C7: =VLOOKUP(Recipe101625303336[[#This Row],[חומר גלם]],'חומרי גלם'!A:D,4,0) -> גרם | D7: =ROUNDUP(Recipe101625303336[[#This Row],[כמות במתכון]]*VLOOKUP(Recipe101625303336[[#This Row],[חומר גלם]],'חומרי גלם'!A:D,2,0)/VLOOKUP(Recipe101625303336[[#This Row],[חומר גלם]],'חומרי גלם'!A:D,3,0),2) -> 1.64
A8: אבקת אפייה | B8: 5 | C8: =VLOOKUP(Recipe101625303336[[#This Row],[חומר גלם]],'חומרי גלם'!A:D,4,0) -> גרם | D8: =ROUNDUP(Recipe101625303336[[#This Row],[כמות במתכון]]*VLOOKUP(Recipe101625303336[[#This Row],[חומר גלם]],'חומרי גלם'!A:D,2,0)/VLOOKUP(Recipe101625303336[[#This Row],[חומר גלם]],'חומרי גלם'!A:D,3,0),2) -> 0.1
A9: סודה לשתייה | B9: 2 | C9: =VLOOKUP(Recipe101625303336[[#This Row],[חומר גלם]],'חומרי גלם'!A:D,4,0) -> גרם | D9: =ROUNDUP(Recipe101625303336[[#This Row],[כמות במתכון]]*VLOOKUP(Recipe101625303336[[#This Row],[חומר גלם]],'חומרי גלם'!A:D,2,0)/VLOOKUP(Recipe101625303336[[#This Row],[חומר גלם]],'חומרי גלם'!A:D,3,0),2) -> 0.12
A10: מלח | B10: 2 | C10: =VLOOKUP(Recipe101625303336[[#This Row],[חומר גלם]],'חומרי גלם'!A:D,4,0) -> גרם | D10: =ROUNDUP(Recipe101625303336[[#This Row],[כמות במתכון]]*VLOOKUP(Recipe101625303336[[#This Row],[חומר גלם]],'חומרי גלם'!A:D,2,0)/VLOOKUP(Recipe101625303336[[#This Row],[חומר גלם]],'חומרי גלם'!A:D,3,0),2) -> 0.01
A11: פיסטוק | B11: 30 | C11: =VLOOKUP(Recipe101625303336[[#This Row],[חומר גלם]],'חומרי גלם'!A:D,4,0) -> גרם | D11: =ROUNDUP(Recipe101625303336[[#This Row],[כמות במתכון]]*VLOOKUP(Recipe101625303336[[#This Row],[חומר גלם]],'חומרי גלם'!A:D,2,0)/VLOOKUP(Recipe101625303336[[#This Row],[חומר גלם]],'חומרי גלם'!A:D,3,0),2) -> 4.2
A12: שוקולד צ'יפס לבן | B12: 80 | C12: =VLOOKUP(Recipe101625303336[[#This Row],[חומר גלם]],'חומרי גלם'!A:D,4,0) -> גרם | D12: =ROUNDUP(Recipe101625303336[[#This Row],[כמות במתכון]]*VLOOKUP(Recipe101625303336[[#This Row],[חומר גלם]],'חומרי גלם'!A:D,2,0)/VLOOKUP(Recipe101625303336[[#This Row],[חומר גלם]],'חומרי גלם'!A:D,3,0),2) -> 3.67
A13: כללי קטן | B13: 1 | C13: =VLOOKUP(Recipe101625303336[[#This Row],[חומר גלם]],'חומרי גלם'!A:D,4,0) -> יחידות | D13: =ROUNDUP(Recipe101625303336[[#This Row],[כמות במתכון]]*VLOOKUP(Recipe101625303336[[#This Row],[חומר גלם]],'חומרי גלם'!A:D,2,0)/VLOOKUP(Recipe101625303336[[#This Row],[חומר גלם]],'חומרי גלם'!A:D,3,0),2) -> 15

Sheet כדורי אוריאו
A1: מרכיבים | D1: =ROUNDUP(SUM(Recipe1016253033[עלות למתכון]),2) -> 52.83 | F1: עבודה | J1: כמות | O1: אריזה | Q1: =SUM(SinglePack1218272932[עלות]) -> 3.5 | T1: חזרה לתפריט
A2: חומר גלם | B2: כמות במתכון | C2: יחידת מידה | D2: עלות למתכון | F2: שעות עבודה | G2: עלות לשעת עבודה | H2: עלות עבודה | J2: כמות יחידות | K2: עלות ליחידה | O2: מוצר | P2: כמות | Q2: עלות | S2: מחיר כולל ליחדה
A3: אוריאו רגיל | B3: 176 | C3: =VLOOKUP(Recipe1016253033[[#This Row],[חומר גלם]],'חומרי גלם'!A:D,4,0) -> גרם | D3: =ROUNDUP(Recipe1016253033[[#This Row],[כמות במתכון]]*VLOOKUP(Recipe1016253033[[#This Row],[חומר גלם]],'חומרי גלם'!A:D,2,0)/VLOOKUP(Recipe1016253033[[#This Row],[חומר גלם]],'חומרי גלם'!A:D,3,0),2) -> 9.9 | F3: 1.5 | G3: 100 | H3: =Work1117262831[[#This Row],[עלות לשעת עבודה]]*Work1117262831[[#This Row],[שעות עבודה]] -> 150 | K3: חומרים | L3: עבודה | M3: סה"כ | O3: קופסת מקרון 30/5/5 | P3: 1 | Q3: =ROUNDUP(VLOOKUP(SinglePack1218272932[[#This Row],[מוצר]],אריזות!A:C,2,0)/VLOOKUP(SinglePack1218272932[[#This Row],[מוצר]],אריזות!A:C,3,0)*SinglePack1218272932[[#This Row],[כמות]],2) -> 3.5 | S3: =Q1+M4 -> 11.62
A4: שוקולד לבן מהדרין | B4: 220 | C4: =VLOOKUP(Recipe1016253033[[#This Row],[חומר גלם]],'חומרי גלם'!A:D,4,0) -> גרם | D4: =ROUNDUP(Recipe1016253033[[#This Row],[כמות במתכון]]*VLOOKUP(Recipe1016253033[[#This Row],[חומר גלם]],'חומרי גלם'!A:D,2,0)/VLOOKUP(Recipe1016253033[[#This Row],[חומר גלם]],'חומרי גלם'!A:D,3,0),2) -> 8.25 | J4: 25 | K4: =ROUNDUP(D1/J4,2) -> 2.12 | L4: {=ROUNDUP(Work1117262831[עלות עבודה]/J4,2)} -> 6 | M4: =L4+K4 -> 8.12
A5: שמנת מתוקה 38% | B5: 65 | C5: =VLOOKUP(Recipe1016253033[[#This Row],[חומר גלם]],'חומרי גלם'!A:D,4,0) -> גרם | D5: =ROUNDUP(Recipe1016253033[[#This Row],[כמות במתכון]]*VLOOKUP(Recipe1016253033[[#This Row],[חומר גלם]],'חומרי גלם'!A:D,2,0)/VLOOKUP(Recipe1016253033[[#This Row],[חומר גלם]],'חומרי גלם'!A:D,3,0),2) -> 1.84
A6: חמאה תנובה | B6: 10 | C6: =VLOOKUP(Recipe1016253033[[#This Row],[חומר גלם]],'חומרי גלם'!A:D,4,0) -> גרם | D6: =ROUNDUP(Recipe1016253033[[#This Row],[כמות במתכון]]*VLOOKUP(Recipe1016253033[[#This Row],[חומר גלם]],'חומרי גלם'!A:D,2,0)/VLOOKUP(Recipe1016253033[[#This Row],[חומר גלם]],'חומרי גלם'!A:D,3,0),2) -> 0.45
A7: ביסקוויטים פתיבר | B7: 40 | C7: =VLOOKUP(Recipe1016253033[[#This Row],[חומר גלם]],'חומרי גלם'!A:D,4,0) -> גרם | D7: =ROUNDUP(Recipe1016253033[[#This Row],[כמות במתכון]]*VLOOKUP(Recipe1016253033[[#This Row],[חומר גלם]],'חומרי גלם'!A:D,2,0)/VLOOKUP(Recipe1016253033[[#This Row],[חומר גלם]],'חומרי גלם'!A:D,3,0),2) -> 0.92
A8: חמאת קקאו | B8: 20 | C8: =VLOOKUP(Recipe1016253033[[#This Row],[חומר גלם]],'חומרי גלם'!A:D,4,0) -> גרם | D8: =ROUNDUP(Recipe1016253033[[#This Row],[כמות במתכון]]*VLOOKUP(Recipe1016253033[[#This Row],[חומר גלם]],'חומרי גלם'!A:D,2,0)/VLOOKUP(Recipe1016253033[[#This Row],[חומר גלם]],'חומרי גלם'!A:D,3,0),2) -> 2.09
A9: שוקולד חלב מהדרין | B9: 250 | C9: =VLOOKUP(Recipe1016253033[[#This Row],[חומר גלם]],'חומרי גלם'!A:D,4,0) -> גרם | D9: =ROUNDUP(Recipe1016253033[[#This Row],[כמות במתכון]]*VLOOKUP(Recipe1016253033[[#This Row],[חומר גלם]],'חומרי גלם'!A:D,2,0)/VLOOKUP(Recipe1016253033[[#This Row],[חומר גלם]],'חומרי גלם'!A:D,3,0),2) -> 9.38
A10: כללי בינוני | B10: 1 | C10: =VLOOKUP(Recipe1016253033[[#This Row],[חומר גלם]],'חומרי גלם'!A:D,4,0) -> יחידות | D10: =ROUNDUP(Recipe1016253033[[#This Row],[כמות במתכון]]*VLOOKUP(Recipe1016253033[[#This Row],[חומר גלם]],'חומרי גלם'!A:D,2,0)/VLOOKUP(Recipe1016253033[[#This Row],[חומר גלם]],'חומרי גלם'!A:D,3,0),2) -> 20

Sheet כדורי קינדר בואנו
A1: מרכיבים | D1: =ROUNDUP(SUM(Recipe10162530333639[עלות למתכון]),2) -> 43.78 | F1: עבודה | J1: כמות | O1: אריזה | Q1: =SUM(SinglePack12182729323538[עלות]) -> 3.5 | T1: חזרה לתפריט
A2: חומר גלם | B2: כמות במתכון | C2: יחידת מידה | D2: עלות למתכון | F2: שעות עבודה | G2: עלות לשעת עבודה | H2: עלות עבודה | J2: כמות יחידות | K2: עלות ליחידה | O2: מוצר | P2: כמות | Q2: עלות | S2: מחיר כולל ליחדה
A3: קינדר בואנו לבן וחום(שלישייה)39*3 | B3: 10 | C3: =VLOOKUP(Recipe10162530333639[[#This Row],[חומר גלם]],'חומרי גלם'!A:D,4,0) -> יחידות | D3: =ROUNDUP(Recipe10162530333639[[#This Row],[כמות במתכון]]*VLOOKUP(Recipe10162530333639[[#This Row],[חומר גלם]],'חומרי גלם'!A:D,2,0)/VLOOKUP(Recipe10162530333639[[#This Row],[חומר גלם]],'חומרי גלם'!A:D,3,0),2) -> 21.5 | F3: 1 | G3: 100 | H3: =Work11172628313437[[#This Row],[עלות לשעת עבודה]]*Work11172628313437[[#This Row],[שעות עבודה]] -> 100 | K3: חומרים | L3: עבודה | M3: סה"כ | O3: קופסת מקרון 30/5/5 | P3: 1 | Q3: =ROUNDUP(VLOOKUP(SinglePack12182729323538[[#This Row],[מוצר]],אריזות!A:C,2,0)/VLOOKUP(SinglePack12182729323538[[#This Row],[מוצר]],אריזות!A:C,3,0)*SinglePack12182729323538[[#This Row],[כמות]],2) -> 3.5 | S3: =Q1+M4 -> 13.09
A4: ממרח spread it | B4: 20 | C4: =VLOOKUP(Recipe10162530333639[[#This Row],[חומר גלם]],'חומרי גלם'!A:D,4,0) -> גרם | D4: =ROUNDUP(Recipe10162530333639[[#This Row],[כמות במתכון]]*VLOOKUP(Recipe10162530333639[[#This Row],[חומר גלם]],'חומרי גלם'!A:D,2,0)/VLOOKUP(Recipe10162530333639[[#This Row],[חומר גלם]],'חומרי גלם'!A:D,3,0),2) -> 1.2 | J4: 15 | K4: =ROUNDUP(D1/J4,2) -> 2.92 | L4: {=ROUNDUP(Work11172628313437[עלות עבודה]/J4,2)} -> 6.67 | M4: =L4+K4 -> 9.59
A5: חמאה תנובה | B5: 20 | C5: =VLOOKUP(Recipe10162530333639[[#This Row],[חומר גלם]],'חומרי גלם'!A:D,4,0) -> גרם | D5: =ROUNDUP(Recipe10162530333639[[#This Row],[כמות במתכון]]*VLOOKUP(Recipe10162530333639[[#This Row],[חומר גלם]],'חומרי גלם'!A:D,2,0)/VLOOKUP(Recipe10162530333639[[#This Row],[חומר גלם]],'חומרי גלם'!A:D,3,0),2) -> 0.9
A6: שוקולד חלב מהדרין | B6: 100 | C6: =VLOOKUP(Recipe10162530333639[[#This Row],[חומר גלם]],'חומרי גלם'!A:D,4,0) -> גרם | D6: =ROUNDUP(Recipe10162530333639[[#This Row],[כמות במתכון]]*VLOOKUP(Recipe10162530333639[[#This Row],[חומר גלם]],'חומרי גלם'!A:D,2,0)/VLOOKUP(Recipe10162530333639[[#This Row],[חומר גלם]],'חומרי גלם'!A:D,3,0),2) -> 3.75
A7: שמן | B7: 20 | C7: =VLOOKUP(Recipe10162530333639[[#This Row],[חומר גלם]],'חומרי גלם'!A:D,4,0) -> מיליליטר | D7: =ROUNDUP(Recipe10162530333639[[#This Row],[כמות במתכון]]*VLOOKUP(Recipe10162530333639[[#This Row],[חומר גלם]],'חומרי גלם'!A:D,2,0)/VLOOKUP(Recipe10162530333639[[#This Row],[חומר גלם]],'חומרי גלם'!A:D,3,0),2) -> 0.3
A8: שוקולד לבן מהדרין | B8: 30 | C8: =VLOOKUP(Recipe10162530333639[[#This Row],[חומר גלם]],'חומרי גלם'!A:D,4,0) -> גרם | D8: =ROUNDUP(Recipe10162530333639[[#This Row],[כמות במתכון]]*VLOOKUP(Recipe10162530333639[[#This Row],[חומר גלם]],'חומרי גלם'!A:D,2,0)/VLOOKUP(Recipe10162530333639[[#This Row],[חומר גלם]],'חומרי גלם'!A:D,3,0),2) -> 1.13
A9: כללי קטן | B9: 1 | C9: =VLOOKUP(Recipe10162530333639[[#This Row],[חומר גלם]],'חומרי גלם'!A:D,4,0) -> יחידות | D9: =ROUNDUP(Recipe10162530333639[[#This Row],[כמות במתכון]]*VLOOKUP(Recipe10162530333639[[#This Row],[חומר גלם]],'חומרי גלם'!A:D,2,0)/VLOOKUP(Recipe10162530333639[[#This Row],[חומר גלם]],'חומרי גלם'!A:D,3,0),2) -> 15

Sheet עוגיות שלג
A1: מרכיבים | D1: =ROUNDUP(SUM(Recipe1016253033363942[עלות למתכון]),2) -> 33.8 | F1: עבודה | J1: כמות | O1: אריזה | Q1: =SUM(SinglePack1218272932353841[עלות]) -> 5 | T1: חזרה לתפריט
A2: חומר גלם | B2: כמות במתכון | C2: יחידת מידה | D2: עלות למתכון | F2: שעות עבודה | G2: עלות לשעת עבודה | H2: עלות עבודה | J2: כמות יחידות | K2: עלות ליחידה | O2: מוצר | P2: כמות | Q2: עלות | S2: מחיר כולל ליחדה
A3: שמן | B3: 100 | C3: =VLOOKUP(Recipe1016253033363942[[#This Row],[חומר גלם]],'חומרי גלם'!A:D,4,0) -> מיליליטר | D3: =ROUNDUP(Recipe1016253033363942[[#This Row],[כמות במתכון]]*VLOOKUP(Recipe1016253033363942[[#This Row],[חומר גלם]],'חומרי גלם'!A:D,2,0)/VLOOKUP(Recipe1016253033363942[[#This Row],[חומר גלם]],'חומרי גלם'!A:D,3,0),2) -> 1.49 | F3: 1 | G3: 100 | H3: =Work1117262831343740[[#This Row],[עלות לשעת עבודה]]*Work1117262831343740[[#This Row],[שעות עבודה]] -> 100 | K3: חומרים | L3: עבודה | M3: סה"כ | O3: קופסת קאפקייקס 6 תאים | P3: 1 | Q3: =ROUNDUP(VLOOKUP(SinglePack1218272932353841[[#This Row],[מוצר]],אריזות!A:C,2,0)/VLOOKUP(SinglePack1218272932353841[[#This Row],[מוצר]],אריזות!A:C,3,0)*SinglePack1218272932353841[[#This Row],[כמות]],2) -> 5 | S3: =Q1+M4 -> 9.62
A4: ביצים M | B4: 3 | C4: =VLOOKUP(Recipe1016253033363942[[#This Row],[חומר גלם]],'חומרי גלם'!A:D,4,0) -> יחידות | D4: =ROUNDUP(Recipe1016253033363942[[#This Row],[כמות במתכון]]*VLOOKUP(Recipe1016253033363942[[#This Row],[חומר גלם]],'חומרי גלם'!A:D,2,0)/VLOOKUP(Recipe1016253033363942[[#This Row],[חומר גלם]],'חומרי גלם'!A:D,3,0),2) -> 3.23 | J4: 29 | K4: =ROUNDUP(D1/J4,2) -> 1.17 | L4: {=ROUNDUP(Work1117262831343740[עלות עבודה]/J4,2)} -> 3.45 | M4: =L4+K4 -> 4.62
A5: סוכר לבן | B5: 200 | C5: =VLOOKUP(Recipe1016253033363942[[#This Row],[חומר גלם]],'חומרי גלם'!A:D,4,0) -> גרם | D5: =ROUNDUP(Recipe1016253033363942[[#This Row],[כמות במתכון]]*VLOOKUP(Recipe1016253033363942[[#This Row],[חומר גלם]],'חומרי גלם'!A:D,2,0)/VLOOKUP(Recipe1016253033363942[[#This Row],[חומר גלם]],'חומרי גלם'!A:D,3,0),2) -> 1.04
A6: סוכר חום דמררה | B6: 100 | C6: =VLOOKUP(Recipe1016253033363942[[#This Row],[חומר גלם]],'חומרי גלם'!A:D,4,0) -> גרם | D6: =ROUNDUP(Recipe1016253033363942[[#This Row],[כמות במתכון]]*VLOOKUP(Recipe1016253033363942[[#This Row],[חומר גלם]],'חומרי גלם'!A:D,2,0)/VLOOKUP(Recipe1016253033363942[[#This Row],[חומר גלם]],'חומרי גלם'!A:D,3,0),2) -> 1.29
A7: קקאו | B7: 105 | C7: =VLOOKUP(Recipe1016253033363942[[#This Row],[חומר גלם]],'חומרי גלם'!A:D,4,0) -> גרם | D7: =ROUNDUP(Recipe1016253033363942[[#This Row],[כמות במתכון]]*VLOOKUP(Recipe1016253033363942[[#This Row],[חומר גלם]],'חומרי גלם'!A:D,2,0)/VLOOKUP(Recipe1016253033363942[[#This Row],[חומר גלם]],'חומרי גלם'!A:D,3,0),2) -> 4.57
A8: קמח לבן מנופה | B8: 280 | C8: =VLOOKUP(Recipe1016253033363942[[#This Row],[חומר גלם]],'חומרי גלם'!A:D,4,0) -> גרם | D8: =ROUNDUP(Recipe1016253033363942[[#This Row],[כמות במתכון]]*VLOOKUP(Recipe1016253033363942[[#This Row],[חומר גלם]],'חומרי גלם'!A:D,2,0)/VLOOKUP(Recipe1016253033363942[[#This Row],[חומר גלם]],'חומרי גלם'!A:D,3,0),2) -> 2.41
A9: אבקת אפייה | B9: 10 | C9: =VLOOKUP(Recipe1016253033363942[[#This Row],[חומר גלם]],'חומרי גלם'!A:D,4,0) -> גרם | D9: =ROUNDUP(Recipe1016253033363942[[#This Row],[כמות במתכון]]*VLOOKUP(Recipe1016253033363942[[#This Row],[חומר גלם]],'חומרי גלם'!A:D,2,0)/VLOOKUP(Recipe1016253033363942[[#This Row],[חומר גלם]],'חומרי גלם'!A:D,3,0),2) -> 0.19
A10: שוקולד צ'יפס חום | B10: 100 | C10: =VLOOKUP(Recipe1016253033363942[[#This Row],[חומר גלם]],'חומרי גלם'!A:D,4,0) -> גרם | D10: =ROUNDUP(Recipe1016253033363942[[#This Row],[כמות במתכון]]*VLOOKUP(Recipe1016253033363942[[#This Row],[חומר גלם]],'חומרי גלם'!A:D,2,0)/VLOOKUP(Recipe1016253033363942[[#This Row],[חומר גלם]],'חומרי גלם'!A:D,3,0),2) -> 4.58
A11: כללי קטן | B11: 1 | C11: =VLOOKUP(Recipe1016253033363942[[#This Row],[חומר גלם]],'חומרי גלם'!A:D,4,0) -> יחידות | D11: =ROUNDUP(Recipe1016253033363942[[#This Row],[כמות במתכון]]*VLOOKUP(Recipe1016253033363942[[#This Row],[חומר גלם]],'חומרי גלם'!A:D,2,0)/VLOOKUP(Recipe1016253033363942[[#This Row],[חומר גלם]],'חומרי גלם'!A:D,3,0),2) -> 15

Sheet עוגת ביסקוויטים פיסטוק
A1: מרכיבים | D1: =ROUNDUP(SUM(Recipe101625303336394245[עלות למתכון]),2) -> 67.07 | F1: עבודה | J1: כמות | O1: אריזה | Q1: =SUM(SinglePack121827293235384144[עלות]) -> 4 | T1: חזרה לתפריט
A2: חומר גלם | B2: כמות במתכון | C2: יחידת מידה | D2: עלות למתכון | F2: שעות עבודה | G2: עלות לשעת עבודה | H2: עלות עבודה | J2: כמות יחידות | K2: עלות ליחידה | O2: מוצר | P2: כמות | Q2: עלות | S2: מחיר כולל ליחדה
A3: ביסקוויטים פתיבר | B3: 250 | C3: =VLOOKUP(Recipe101625303336394245[[#This Row],[חומר גלם]],'חומרי גלם'!A:D,4,0) -> גרם | D3: =ROUNDUP(Recipe101625303336394245[[#This Row],[כמות במתכון]]*VLOOKUP(Recipe101625303336394245[[#This Row],[חומר גלם]],'חומרי גלם'!A:D,2,0)/VLOOKUP(Recipe101625303336394245[[#This Row],[חומר גלם]],'חומרי גלם'!A:D,3,0),2) -> 5.75 | F3: 1 | G3: 100 | H3: =Work111726283134374043[[#This Row],[עלות לשעת עבודה]]*Work111726283134374043[[#This Row],[שעות עבודה]] -> 100 | K3: חומרים | L3: עבודה | M3: סה"כ | O3: קריסטליות פלסטיק למארז+מכסה 16 | P3: 1 | Q3: =ROUNDUP(VLOOKUP(SinglePack121827293235384144[[#This Row],[מוצר]],אריזות!A:C,2,0)/VLOOKUP(SinglePack121827293235384144[[#This Row],[מוצר]],אריזות!A:C,3,0)*SinglePack121827293235384144[[#This Row],[כמות]],2) -> 4 | S3: =Q1+M4 -> 171.07
A4: חלב רגיל 3% | B4: 200 | C4: =VLOOKUP(Recipe101625303336394245[[#This Row],[חומר גלם]],'חומרי גלם'!A:D,4,0) -> מיליליטר | D4: =ROUNDUP(Recipe101625303336394245[[#This Row],[כמות במתכון]]*VLOOKUP(Recipe101625303336394245[[#This Row],[חומר גלם]],'חומרי גלם'!A:D,2,0)/VLOOKUP(Recipe101625303336394245[[#This Row],[חומר גלם]],'חומרי גלם'!A:D,3,0),2) -> 1.37 | J4: 1 | K4: =ROUNDUP(D1/J4,2) -> 67.07 | L4: {=ROUNDUP(Work111726283134374043[עלות עבודה]/J4,2)} -> 100 | M4: =L4+K4 -> 167.07
A5: שמנת מתוקה 38% | B5: 815 | C5: =VLOOKUP(Recipe101625303336394245[[#This Row],[חומר גלם]],'חומרי גלם'!A:D,4,0) -> גרם | D5: =ROUNDUP(Recipe101625303336394245[[#This Row],[כמות במתכון]]*VLOOKUP(Recipe101625303336394245[[#This Row],[חומר גלם]],'חומרי גלם'!A:D,2,0)/VLOOKUP(Recipe101625303336394245[[#This Row],[חומר גלם]],'חומרי גלם'!A:D,3,0),2) -> 23.05
A6: איסטנט פודינט | B6: 80 | C6: =VLOOKUP(Recipe101625303336394245[[#This Row],[חומר גלם]],'חומרי גלם'!A:D,4,0) -> גרם | D6: =ROUNDUP(Recipe101625303336394245[[#This Row],[כמות במתכון]]*VLOOKUP(Recipe101625303336394245[[#This Row],[חומר גלם]],'חומרי גלם'!A:D,2,0)/VLOOKUP(Recipe101625303336394245[[#This Row],[חומר גלם]],'חומרי גלם'!A:D,3,0),2) -> 1.6
A7: אבקת סוכר | B7: 50 | C7: =VLOOKUP(Recipe101625303336394245[[#This Row],[חומר גלם]],'חומרי גלם'!A:D,4,0) -> גרם | D7: =ROUNDUP(Recipe101625303336394245[[#This Row],[כמות במתכון]]*VLOOKUP(Recipe101625303336394245[[#This Row],[חומר גלם]],'חומרי גלם'!A:D,2,0)/VLOOKUP(Recipe101625303336394245[[#This Row],[חומר גלם]],'חומרי גלם'!A:D,3,0),2) -> 0.5
A8: ממרח spread it | B8: 85 | C8: =VLOOKUP(Recipe101625303336394245[[#This Row],[חומר גלם]],'חומרי גלם'!A:D,4,0) -> גרם | D8: =ROUNDUP(Recipe101625303336394245[[#This Row],[כמות במתכון]]*VLOOKUP(Recipe101625303336394245[[#This Row],[חומר גלם]],'חומרי גלם'!A:D,2,0)/VLOOKUP(Recipe101625303336394245[[#This Row],[חומר גלם]],'חומרי גלם'!A:D,3,0),2) -> 5.1
A9: שוקולד לבן מהדרין | B9: 280 | C9: =VLOOKUP(Recipe101625303336394245[[#This Row],[חומר גלם]],'חומרי גלם'!A:D,4,0) -> גרם | D9: =ROUNDUP(Recipe101625303336394245[[#This Row],[כמות במתכון]]*VLOOKUP(Recipe101625303336394245[[#This Row],[חומר גלם]],'חומרי גלם'!A:D,2,0)/VLOOKUP(Recipe101625303336394245[[#This Row],[חומר גלם]],'חומרי גלם'!A:D,3,0),2) -> 10.5
A10: פיסטוק | B10: 30 | C10: =VLOOKUP(Recipe101625303336394245[[#This Row],[חומר גלם]],'חומרי גלם'!A:D,4,0) -> גרם | D10: =ROUNDUP(Recipe101625303336394245[[#This Row],[כמות במתכון]]*VLOOKUP(Recipe101625303336394245[[#This Row],[חומר גלם]],'חומרי גלם'!A:D,2,0)/VLOOKUP(Recipe101625303336394245[[#This Row],[חומר גלם]],'חומרי גלם'!A:D,3,0),2) -> 4.2
A11: כללי קטן | B11: 1 | C11: =VLOOKUP(Recipe101625303336394245[[#This Row],[חומר גלם]],'חומרי גלם'!A:D,4,0) -> יחידות | D11: =ROUNDUP(Recipe101625303336394245[[#This Row],[כמות במתכון]]*VLOOKUP(Recipe101625303336394245[[#This Row],[חומר גלם]],'חומרי גלם'!A:D,2,0)/VLOOKUP(Recipe101625303336394245[[#This Row],[חומר גלם]],'חומרי גלם'!A:D,3,0),2) -> 15

Sheet נקניק שוקולד חום לבן
A1: מרכיבים | D1: =ROUNDUP(SUM(Recipe10162530333639424548[עלות למתכון]),2) -> 29.71 | F1: עבודה | J1: כמות | O1: אריזה | Q1: =SUM(SinglePack12182729323538414447[עלות]) -> 4 | T1: חזרה לתפריט
A2: חומר גלם | B2: כמות במתכון | C2: יחידת מידה | D2: עלות למתכון | F2: שעות עבודה | G2: עלות לשעת עבודה | H2: עלות עבודה | J2: כמות יחידות | K2: עלות ליחידה | O2: מוצר | P2: כמות | Q2: עלות | S2: מחיר כולל ליחדה
A3: ביסקוויטים פתיבר | B3: 200 | C3: =VLOOKUP(Recipe10162530333639424548[[#This Row],[חומר גלם]],'חומרי גלם'!A:D,4,0) -> גרם | D3: =ROUNDUP(Recipe10162530333639424548[[#This Row],[כמות במתכון]]*VLOOKUP(Recipe10162530333639424548[[#This Row],[חומר גלם]],'חומרי גלם'!A:D,2,0)/VLOOKUP(Recipe10162530333639424548[[#This Row],[חומר גלם]],'חומרי גלם'!A:D,3,0),2) -> 4.6 | F3: 0.4 | G3: 100 | H3: =Work11172628313437404346[[#This Row],[עלות לשעת עבודה]]*Work11172628313437404346[[#This Row],[שעות עבודה]] -> 40 | K3: חומרים | L3: עבודה | M3: סה"כ | O3: קריסטליות פלסטיק למארז+מכסה 16 | P3: 1 | Q3: =ROUNDUP(VLOOKUP(SinglePack12182729323538414447[[#This Row],[מוצר]],אריזות!A:C,2,0)/VLOOKUP(SinglePack12182729323538414447[[#This Row],[מוצר]],אריזות!A:C,3,0)*SinglePack12182729323538414447[[#This Row],[כמות]],2) -> 4 | S3: =Q1+M4 -> 73.71
A4: שוקולד לבן מהדרין | B4: 350 | C4: =VLOOKUP(Recipe10162530333639424548[[#This Row],[חומר גלם]],'חומרי גלם'!A:D,4,0) -> גרם | D4: =ROUNDUP(Recipe10162530333639424548[[#This Row],[כמות במתכון]]*VLOOKUP(Recipe10162530333639424548[[#This Row],[חומר גלם]],'חומרי גלם'!A:D,2,0)/VLOOKUP(Recipe10162530333639424548[[#This Row],[חומר גלם]],'חומרי גלם'!A:D,3,0),2) -> 13.13 | J4: 1 | K4: =ROUNDUP(D1/J4,2) -> 29.71 | L4: {=ROUNDUP(Work11172628313437404346[עלות עבודה]/J4,2)} -> 40 | M4: =L4+K4 -> 69.71
A5: חמאה תנובה | B5: 30 | C5: =VLOOKUP(Recipe10162530333639424548[[#This Row],[חומר גלם]],'חומרי גלם'!A:D,4,0) -> גרם | D5: =ROUNDUP(Recipe10162530333639424548[[#This Row],[כמות במתכון]]*VLOOKUP(Recipe10162530333639424548[[#This Row],[חומר גלם]],'חומרי גלם'!A:D,2,0)/VLOOKUP(Recipe10162530333639424548[[#This Row],[חומר גלם]],'חומרי גלם'!A:D,3,0),2) -> 1.35
A6: שמנת מתוקה 38% | B6: 60 | C6: =VLOOKUP(Recipe10162530333639424548[[#This Row],[חומר גלם]],'חומרי גלם'!A:D,4,0) -> גרם | D6: =ROUNDUP(Recipe10162530333639424548[[#This Row],[כמות במתכון]]*VLOOKUP(Recipe10162530333639424548[[#This Row],[חומר גלם]],'חומרי גלם'!A:D,2,0)/VLOOKUP(Recipe10162530333639424548[[#This Row],[חומר גלם]],'חומרי גלם'!A:D,3,0),2) -> 1.7
A7: שמן | B7: 20 | C7: =VLOOKUP(Recipe10162530333639424548[[#This Row],[חומר גלם]],'חומרי גלם'!A:D,4,0) -> מיליליטר | D7: =ROUNDUP(Recipe10162530333639424548[[#This Row],[כמות במתכון]]*VLOOKUP(Recipe10162530333639424548[[#This Row],[חומר גלם]],'חומרי גלם'!A:D,2,0)/VLOOKUP(Recipe10162530333639424548[[#This Row],[חומר גלם]],'חומרי גלם'!A:D,3,0),2) -> 0.3
A8: שוקולד חלב מהדרין | B8: 30 | C8: =VLOOKUP(Recipe10162530333639424548[[#This Row],[חומר גלם]],'חומרי גלם'!A:D,4,0) -> גרם | D8: =ROUNDUP(Recipe10162530333639424548[[#This Row],[כמות במתכון]]*VLOOKUP(Recipe10162530333639424548[[#This Row],[חומר גלם]],'חומרי גלם'!A:D,2,0)/VLOOKUP(Recipe10162530333639424548[[#This Row],[חומר גלם]],'חומרי גלם'!A:D,3,0),2) -> 1.13
A9: כללי קטן | B9: 0.5 | C9: =VLOOKUP(Recipe10162530333639424548[[#This Row],[חומר גלם]],'חומרי גלם'!A:D,4,0) -> יחידות | D9: =ROUNDUP(Recipe10162530333639424548[[#This Row],[כמות במתכון]]*VLOOKUP(Recipe10162530333639424548[[#This Row],[חומר גלם]],'חומרי גלם'!A:D,2,0)/VLOOKUP(Recipe10162530333639424548[[#This Row],[חומר גלם]],'חומרי גלם'!A:D,3,0),2) -> 7.5

Sheet מיני דונאטס (מולטיקייק)
A1: מרכיבים | D1: =ROUNDUP(SUM(Recipe1016192249[עלות למתכון]),2) -> 57.74 | F1: עבודה | J1: כמות | O1: אריזה | Q1: =SUM(SinglePack1218212451[עלות]) -> 3.55 | T1: חזרה לתפריט
A2: חומר גלם | B2: כמות במתכון | C2: יחידת מידה | D2: עלות למתכון | F2: שעות עבודה | G2: עלות לשעת עבודה | H2: עלות עבודה | J2: כמות יחידות | K2: עלות ליחידה | O2: מוצר | P2: כמות | Q2: עלות | S2: מחיר כולל ליחדה
A3: חמאה תנובה | B3: 100 | C3: =VLOOKUP(Recipe1016192249[[#This Row],[חומר גלם]],'חומרי גלם'!A:D,4,0) -> גרם | D3: =ROUNDUP(Recipe1016192249[[#This Row],[כמות במתכון]]*VLOOKUP(Recipe1016192249[[#This Row],[חומר גלם]],'חומרי גלם'!A:D,2,0)/VLOOKUP(Recipe1016192249[[#This Row],[חומר גלם]],'חומרי גלם'!A:D,3,0),2) -> 4.5 | F3: 1 | G3: 100 | H3: =Work1117202350[[#This Row],[עלות לשעת עבודה]]*Work1117202350[[#This Row],[שעות עבודה]] -> 100 | K3: חומרים | L3: עבודה | M3: סה"כ | O3: קופסת פרלינים 16 תאים | P3: 1 | Q3: =ROUNDUP(VLOOKUP(SinglePack1218212451[[#This Row],[מוצר]],אריזות!A:C,2,0)/VLOOKUP(SinglePack1218212451[[#This Row],[מוצר]],אריזות!A:C,3,0)*SinglePack1218212451[[#This Row],[כמות]],2) -> 3.25 | S3: =Q1+M4 -> 7.5
A4: ביצים L | B4: 2 | C4: =VLOOKUP(Recipe1016192249[[#This Row],[חומר גלם]],'חומרי גלם'!A:D,4,0) -> יחידות | D4: =ROUNDUP(Recipe1016192249[[#This Row],[כמות במתכון]]*VLOOKUP(Recipe1016192249[[#This Row],[חומר גלם]],'חומרי גלם'!A:D,2,0)/VLOOKUP(Recipe1016192249[[#This Row],[חומר גלם]],'חומרי גלם'!A:D,3,0),2) -> 2.33 | J4: 40 | K4: =ROUNDUP(D1/J4,2) -> 1.45 | L4: {=ROUNDUP(Work1117202350[עלות עבודה]/J4,2)} -> 2.5 | M4: =L4+K4 -> 3.95 | O4: ניירר אפייה עגול - 20 | P4: 1 | Q4: =ROUNDUP(VLOOKUP(SinglePack1218212451[[#This Row],[מוצר]],אריזות!A:C,2,0)/VLOOKUP(SinglePack1218212451[[#This Row],[מוצר]],אריזות!A:C,3,0)*SinglePack1218212451[[#This Row],[כמות]],2) -> 0.3
A5: סוכר לבן | B5: 100 | C5: =VLOOKUP(Recipe1016192249[[#This Row],[חומר גלם]],'חומרי גלם'!A:D,4,0) -> גרם | D5: =ROUNDUP(Recipe1016192249[[#This Row],[כמות במתכון]]*VLOOKUP(Recipe1016192249[[#This Row],[חומר גלם]],'חומרי גלם'!A:D,2,0)/VLOOKUP(Recipe1016192249[[#This Row],[חומר גלם]],'חומרי גלם'!A:D,3,0),2) -> 0.52
A6: חלב רגיל 3% | B6: 280 | C6: =VLOOKUP(Recipe1016192249[[#This Row],[חומר גלם]],'חומרי גלם'!A:D,4,0) -> מיליליטר | D6: =ROUNDUP(Recipe1016192249[[#This Row],[כמות במתכון]]*VLOOKUP(Recipe1016192249[[#This Row],[חומר גלם]],'חומרי גלם'!A:D,2,0)/VLOOKUP(Recipe1016192249[[#This Row],[חומר גלם]],'חומרי גלם'!A:D,3,0),2) -> 1.91
A7: מחית וניל | B7: 15 | C7: =VLOOKUP(Recipe1016192249[[#This Row],[חומר גלם]],'חומרי גלם'!A:D,4,0) -> גרם | D7: =ROUNDUP(Recipe1016192249[[#This Row],[כמות במתכון]]*VLOOKUP(Recipe1016192249[[#This Row],[חומר גלם]],'חומרי גלם'!A:D,2,0)/VLOOKUP(Recipe1016192249[[#This Row],[חומר גלם]],'חומרי גלם'!A:D,3,0),2) -> 16.13
A8: מלח | B8: 0.5 | C8: =VLOOKUP(Recipe1016192249[[#This Row],[חומר גלם]],'חומרי גלם'!A:D,4,0) -> גרם | D8: =ROUNDUP(Recipe1016192249[[#This Row],[כמות במתכון]]*VLOOKUP(Recipe1016192249[[#This Row],[חומר גלם]],'חומרי גלם'!A:D,2,0)/VLOOKUP(Recipe1016192249[[#This Row],[חומר גלם]],'חומרי גלם'!A:D,3,0),2) -> 0.01
A9: קמח לבן מנופה | B9: 320 | C9: =VLOOKUP(Recipe1016192249[[#This Row],[חומר גלם]],'חומרי גלם'!A:D,4,0) -> גרם | D9: =ROUNDUP(Recipe1016192249[[#This Row],[כמות במתכון]]*VLOOKUP(Recipe1016192249[[#This Row],[חומר גלם]],'חומרי גלם'!A:D,2,0)/VLOOKUP(Recipe1016192249[[#This Row],[חומר גלם]],'חומרי גלם'!A:D,3,0),2) -> 2.76
A10: אבקת אפייה | B10: 10 | C10: =VLOOKUP(Recipe1016192249[[#This Row],[חומר גלם]],'חומרי גלם'!A:D,4,0) -> גרם | D10: =ROUNDUP(Recipe1016192249[[#This Row],[כמות במתכון]]*VLOOKUP(Recipe1016192249[[#This Row],[חומר גלם]],'חומרי גלם'!A:D,2,0)/VLOOKUP(Recipe1016192249[[#This Row],[חומר גלם]],'חומרי גלם'!A:D,3,0),2) -> 0.19
A11: שוקולד חלב מהדרין | B11: 300 | C11: =VLOOKUP(Recipe1016192249[[#This Row],[חומר גלם]],'חומרי גלם'!A:D,4,0) -> גרם | D11: =ROUNDUP(Recipe1016192249[[#This Row],[כמות במתכון]]*VLOOKUP(Recipe1016192249[[#This Row],[חומר גלם]],'חומרי גלם'!A:D,2,0)/VLOOKUP(Recipe1016192249[[#This Row],[חומר גלם]],'חומרי גלם'!A:D,3,0),2) -> 11.25
A12: חמאת קקאו | B12: 30 | C12: =VLOOKUP(Recipe1016192249[[#This Row],[חומר גלם]],'חומרי גלם'!A:D,4,0) -> גרם | D12: =ROUNDUP(Recipe1016192249[[#This Row],[כמות במתכון]]*VLOOKUP(Recipe1016192249[[#This Row],[חומר גלם]],'חומרי גלם'!A:D,2,0)/VLOOKUP(Recipe1016192249[[#This Row],[חומר גלם]],'חומרי גלם'!A:D,3,0),2) -> 3.14
A13: כללי קטן | B13: 1 | C13: =VLOOKUP(Recipe1016192249[[#This Row],[חומר גלם]],'חומרי גלם'!A:D,4,0) -> יחידות | D13: =ROUNDUP(Recipe1016192249[[#This Row],[כמות במתכון]]*VLOOKUP(Recipe1016192249[[#This Row],[חומר גלם]],'חומרי גלם'!A:D,2,0)/VLOOKUP(Recipe1016192249[[#This Row],[חומר גלם]],'חומרי גלם'!A:D,3,0),2) -> 15

Sheet רוגלך קטנים
A1: מרכיבים | D1: =ROUNDUP(SUM(Recipe101619224952[עלות למתכון]),2) -> 65.21 | F1: עבודה | J1: כמות | O1: אריזה | Q1: =SUM(SinglePack121821245154[עלות]) -> 3.55 | T1: חזרה לתפריט
A2: חומר גלם | B2: כמות במתכון | C2: יחידת מידה | D2: עלות למתכון | F2: שעות עבודה | G2: עלות לשעת עבודה | H2: עלות עבודה | J2: כמות יחידות | K2: עלות ליחידה | O2: מוצר | P2: כמות | Q2: עלות | S2: מחיר כולל ליחדה
A3: קמח לבן מנופה | B3: 500 | C3: =VLOOKUP(Recipe101619224952[[#This Row],[חומר גלם]],'חומרי גלם'!A:D,4,0) -> גרם | D3: =ROUNDUP(Recipe101619224952[[#This Row],[כמות במתכון]]*VLOOKUP(Recipe101619224952[[#This Row],[חומר גלם]],'חומרי גלם'!A:D,2,0)/VLOOKUP(Recipe101619224952[[#This Row],[חומר גלם]],'חומרי גלם'!A:D,3,0),2) -> 4.3 | F3: 1 | G3: 100 | H3: =Work111720235053[[#This Row],[עלות לשעת עבודה]]*Work111720235053[[#This Row],[שעות עבודה]] -> 100 | K3: חומרים | L3: עבודה | M3: סה"כ | O3: קופסת פרלינים 16 תאים | P3: 1 | Q3: =ROUNDUP(VLOOKUP(SinglePack121821245154[[#This Row],[מוצר]],אריזות!A:C,2,0)/VLOOKUP(SinglePack121821245154[[#This Row],[מוצר]],אריזות!A:C,3,0)*SinglePack121821245154[[#This Row],[כמות]],2) -> 3.25 | S3: =Q1+M4 -> 7.23
A4: שמרים יבשים | B4: 10 | C4: =VLOOKUP(Recipe101619224952[[#This Row],[חומר גלם]],'חומרי גלם'!A:D,4,0) -> גרם | D4: =ROUNDUP(Recipe101619224952[[#This Row],[כמות במתכון]]*VLOOKUP(Recipe101619224952[[#This Row],[חומר גלם]],'חומרי גלם'!A:D,2,0)/VLOOKUP(Recipe101619224952[[#This Row],[חומר גלם]],'חומרי גלם'!A:D,3,0),2) -> 0.14 | J4: 45 | K4: =ROUNDUP(D1/J4,2) -> 1.45 | L4: {=ROUNDUP(Work111720235053[עלות עבודה]/J4,2)} -> 2.23 | M4: =L4+K4 -> 3.68 | O4: ניירר אפייה עגול - 20 | P4: 1 | Q4: =ROUNDUP(VLOOKUP(SinglePack121821245154[[#This Row],[מוצר]],אריזות!A:C,2,0)/VLOOKUP(SinglePack121821245154[[#This Row],[מוצר]],אריזות!A:C,3,0)*SinglePack121821245154[[#This Row],[כמות]],2) -> 0.3
A5: סוכר לבן | B5: 250 | C5: =VLOOKUP(Recipe101619224952[[#This Row],[חומר גלם]],'חומרי גלם'!A:D,4,0) -> גרם | D5: =ROUNDUP(Recipe101619224952[[#This Row],[כמות במתכון]]*VLOOKUP(Recipe101619224952[[#This Row],[חומר גלם]],'חומרי גלם'!A:D,2,0)/VLOOKUP(Recipe101619224952[[#This Row],[חומר גלם]],'חומרי גלם'!A:D,3,0),2) -> 1.3
A6: אבקת הפלא | B6: 5 | C6: =VLOOKUP(Recipe101619224952[[#This Row],[חומר גלם]],'חומרי גלם'!A:D,4,0) -> גרם | D6: =ROUNDUP(Recipe101619224952[[#This Row],[כמות במתכון]]*VLOOKUP(Recipe101619224952[[#This Row],[חומר גלם]],'חומרי גלם'!A:D,2,0)/VLOOKUP(Recipe101619224952[[#This Row],[חומר גלם]],'חומרי גלם'!A:D,3,0),2) -> 1.34
A7: שמנת צמחית 21% | B7: 250 | C7: =VLOOKUP(Recipe101619224952[[#This Row],[חומר גלם]],'חומרי גלם'!A:D,4,0) -> גרם | D7: =ROUNDUP(Recipe101619224952[[#This Row],[כמות במתכון]]*VLOOKUP(Recipe101619224952[[#This Row],[חומר גלם]],'חומרי גלם'!A:D,2,0)/VLOOKUP(Recipe101619224952[[#This Row],[חומר גלם]],'חומרי גלם'!A:D,3,0),2) -> 8.2
A8: נטורינה | B8: 70 | C8: =VLOOKUP(Recipe101619224952[[#This Row],[חומר גלם]],'חומרי גלם'!A:D,4,0) -> גרם | D8: =ROUNDUP(Recipe101619224952[[#This Row],[כמות במתכון]]*VLOOKUP(Recipe101619224952[[#This Row],[חומר גלם]],'חומרי גלם'!A:D,2,0)/VLOOKUP(Recipe101619224952[[#This Row],[חומר גלם]],'חומרי גלם'!A:D,3,0),2) -> 2.77
A9: ביצים M | B9: 2 | C9: =VLOOKUP(Recipe101619224952[[#This Row],[חומר גלם]],'חומרי גלם'!A:D,4,0) -> יחידות | D9: =ROUNDUP(Recipe101619224952[[#This Row],[כמות במתכון]]*VLOOKUP(Recipe101619224952[[#This Row],[חומר גלם]],'חומרי גלם'!A:D,2,0)/VLOOKUP(Recipe101619224952[[#This Row],[חומר גלם]],'חומרי גלם'!A:D,3,0),2) -> 2.15
A10: מלח | B10: 1.5 | C10: =VLOOKUP(Recipe101619224952[[#This Row],[חומר גלם]],'חומרי גלם'!A:D,4,0) -> גרם | D10: =ROUNDUP(Recipe101619224952[[#This Row],[כמות במתכון]]*VLOOKUP(Recipe101619224952[[#This Row],[חומר גלם]],'חומרי גלם'!A:D,2,0)/VLOOKUP(Recipe101619224952[[#This Row],[חומר גלם]],'חומרי גלם'!A:D,3,0),2) -> 0.01
A11: ממרח spread it | B11: 500 | C11: =VLOOKUP(Recipe101619224952[[#This Row],[חומר גלם]],'חומרי גלם'!A:D,4,0) -> גרם | D11: =ROUNDUP(Recipe101619224952[[#This Row],[כמות במתכון]]*VLOOKUP(Recipe101619224952[[#This Row],[חומר גלם]],'חומרי גלם'!A:D,2,0)/VLOOKUP(Recipe101619224952[[#This Row],[חומר גלם]],'חומרי גלם'!A:D,3,0),2) -> 30
A12: כללי קטן | B12: 1 | C12: =VLOOKUP(Recipe101619224952[[#This Row],[חומר גלם]],'חומרי גלם'!A:D,4,0) -> יחידות | D12: =ROUNDUP(Recipe101619224952[[#This Row],[כמות במתכון]]*VLOOKUP(Recipe101619224952[[#This Row],[חומר גלם]],'חומרי גלם'!A:D,2,0)/VLOOKUP(Recipe101619224952[[#This Row],[חומר גלם]],'חומרי גלם'!A:D,3,0),2) -> 15

Sheet קינדר ג'וני ביתי
A1: מרכיבים | D1: =ROUNDUP(SUM(Recipe10161922495255[עלות למתכון]),2) -> 35.1 | F1: עבודה | J1: כמות | O1: אריזה | Q1: =SUM(SinglePack12182124515457[עלות]) -> 3.55 | T1: חזרה לתפריט
A2: חומר גלם | B2: כמות במתכון | C2: יחידת מידה | D2: עלות למתכון | F2: שעות עבודה | G2: עלות לשעת עבודה | H2: עלות עבודה | J2: כמות יחידות | K2: עלות ליחידה | O2: מוצר | P2: כמות | Q2: עלות | S2: מחיר כולל ליחדה
A3: אפיפיות עלית | B3: 100 | C3: =VLOOKUP(Recipe10161922495255[[#This Row],[חומר גלם]],'חומרי גלם'!A:D,4,0) -> גרם | D3: =ROUNDUP(Recipe10161922495255[[#This Row],[כמות במתכון]]*VLOOKUP(Recipe10161922495255[[#This Row],[חומר גלם]],'חומרי גלם'!A:D,2,0)/VLOOKUP(Recipe10161922495255[[#This Row],[חומר גלם]],'חומרי גלם'!A:D,3,0),2) -> 4.8 | F3: 0.4 | G3: 100 | H3: =Work11172023505356[[#This Row],[עלות לשעת עבודה]]*Work11172023505356[[#This Row],[שעות עבודה]] -> 40 | K3: חומרים | L3: עבודה | M3: סה"כ | O3: קופסת פרלינים 16 תאים | P3: 1 | Q3: =ROUNDUP(VLOOKUP(SinglePack12182124515457[[#This Row],[מוצר]],אריזות!A:C,2,0)/VLOOKUP(SinglePack12182124515457[[#This Row],[מוצר]],אריזות!A:C,3,0)*SinglePack12182124515457[[#This Row],[כמות]],2) -> 3.25 | S3: =Q1+M4 -> 11.06
A4: שוקולד חלב מהדרין | B4: 100 | C4: =VLOOKUP(Recipe10161922495255[[#This Row],[חומר גלם]],'חומרי גלם'!A:D,4,0) -> גרם | D4: =ROUNDUP(Recipe10161922495255[[#This Row],[כמות במתכון]]*VLOOKUP(Recipe10161922495255[[#This Row],[חומר גלם]],'חומרי גלם'!A:D,2,0)/VLOOKUP(Recipe10161922495255[[#This Row],[חומר גלם]],'חומרי גלם'!A:D,3,0),2) -> 3.75 | J4: 10 | K4: =ROUNDUP(D1/J4,2) -> 3.51 | L4: {=ROUNDUP(Work11172023505356[עלות עבודה]/J4,2)} -> 4 | M4: =L4+K4 -> 7.51 | O4: ניירר אפייה עגול - 20 | P4: 1 | Q4: =ROUNDUP(VLOOKUP(SinglePack12182124515457[[#This Row],[מוצר]],אריזות!A:C,2,0)/VLOOKUP(SinglePack12182124515457[[#This Row],[מוצר]],אריזות!A:C,3,0)*SinglePack12182124515457[[#This Row],[כמות]],2) -> 0.3
A5: שמנת מתוקה 38% | B5: 180 | C5: =VLOOKUP(Recipe10161922495255[[#This Row],[חומר גלם]],'חומרי גלם'!A:D,4,0) -> גרם | D5: =ROUNDUP(Recipe10161922495255[[#This Row],[כמות במתכון]]*VLOOKUP(Recipe10161922495255[[#This Row],[חומר גלם]],'חומרי גלם'!A:D,2,0)/VLOOKUP(Recipe10161922495255[[#This Row],[חומר גלם]],'חומרי גלם'!A:D,3,0),2) -> 5.1
A6: ממרח spread it | B6: 15 | C6: =VLOOKUP(Recipe10161922495255[[#This Row],[חומר גלם]],'חומרי גלם'!A:D,4,0) -> גרם | D6: =ROUNDUP(Recipe10161922495255[[#This Row],[כמות במתכון]]*VLOOKUP(Recipe10161922495255[[#This Row],[חומר גלם]],'חומרי גלם'!A:D,2,0)/VLOOKUP(Recipe10161922495255[[#This Row],[חומר גלם]],'חומרי גלם'!A:D,3,0),2) -> 0.9
A7: שוקולד לבן מהדרין | B7: 100 | C7: =VLOOKUP(Recipe10161922495255[[#This Row],[חומר גלם]],'חומרי גלם'!A:D,4,0) -> גרם | D7: =ROUNDUP(Recipe10161922495255[[#This Row],[כמות במתכון]]*VLOOKUP(Recipe10161922495255[[#This Row],[חומר גלם]],'חומרי גלם'!A:D,2,0)/VLOOKUP(Recipe10161922495255[[#This Row],[חומר גלם]],'חומרי גלם'!A:D,3,0),2) -> 3.75
A8: ממרח spread it | B8: 30 | C8: =VLOOKUP(Recipe10161922495255[[#This Row],[חומר גלם]],'חומרי גלם'!A:D,4,0) -> גרם | D8: =ROUNDUP(Recipe10161922495255[[#This Row],[כמות במתכון]]*VLOOKUP(Recipe10161922495255[[#This Row],[חומר גלם]],'חומרי גלם'!A:D,2,0)/VLOOKUP(Recipe10161922495255[[#This Row],[חומר גלם]],'חומרי גלם'!A:D,3,0),2) -> 1.8
A9: כללי קטן | B9: 1 | C9: =VLOOKUP(Recipe10161922495255[[#This Row],[חומר גלם]],'חומרי גלם'!A:D,4,0) -> יחידות | D9: =ROUNDUP(Recipe10161922495255[[#This Row],[כמות במתכון]]*VLOOKUP(Recipe10161922495255[[#This Row],[חומר גלם]],'חומרי גלם'!A:D,2,0)/VLOOKUP(Recipe10161922495255[[#This Row],[חומר גלם]],'חומרי גלם'!A:D,3,0),2) -> 15
